# path (relative to gsi/)	action	repo_path	bytes	flags	reason
apps/Z9xAirPlay/build/** (45 files)	EXCLUDE		7741416		build intermediates
apps/Z9xBtPair/** (17 files)	EXCLUDE		68974		obsolete helper (folded into Z9xProjector remote auto-pair)
apps/Z9xDeviceConfigOverlay/build/** (3 files)	EXCLUDE		3506		build intermediates
apps/Z9xFrameworkKeysOverlay/build/** (3 files)	EXCLUDE		22194		build intermediates
apps/Z9xHome/build/** (129 files)	EXCLUDE		2670233		build intermediates
apps/Z9xLineagePlatformOverlay/build/** (3 files)	EXCLUDE		57572		build intermediates
apps/Z9xProjector/build/** (256 files)	EXCLUDE		6427804		build intermediates
apps/Z9xSetup/build/** (73 files)	EXCLUDE		1664695		build intermediates
apps/Z9xSetupWraithOverlay/build/** (3 files)	EXCLUDE		3140		build intermediates
apps/Z9xTvInput/build/** (37 files)	EXCLUDE		623531		build intermediates
apps/Z9xTvSettingsHdrOverlay/build/** (3 files)	EXCLUDE		3482		build intermediates
apps/Z9xUpdater/build/** (48 files)	EXCLUDE		1038329		build intermediates
apps/out/** (7 files)	EXCLUDE		3498029		build output (APKs)
apps/sdk/system-modules-android-34-jdk21/** (3 files)	REGENERATE		3854375		apps/sdk/gen_sdk.sh (jlink of Android's java.base)
apps/third_party/UxPlay/** (125 files)	FETCH		2942087		git submodule FDH2/UxPlay @ 3dbf7cee (GPL-3.0); our patches in apps/Z9xAirPlay/jni/patches
apps/third_party/_downloads/** (2 files)	EXCLUDE		74667882		download cache
apps/third_party/alac/** (32 files)	FETCH		283931		git submodule macosforge/alac @ c38887c (Apache-2.0)
apps/third_party/android-airplay-server/** (126 files)	FETCH		1525835		git submodule jqssun/android-airplay-server (GPL-3.0), pinned
apps/third_party/boringssl/** (8665 files)	FETCH		242598343		git submodule google/boringssl @ 0.20260929.0 (Apache-2.0)
apps/third_party/libplist/** (318 files)	FETCH		6391584		git submodule libimobiledevice/libplist @ fe3dc34 (LGPL-2.1)
backup/** (40 files)	EXCLUDE		429677324		personal backup of the owner's apps, sdcard folders and settings
build/** (70 files)	EXCLUDE		29985058716		images, signed tars, getvar dumps (serial), member lists
logs/** (90 files)	EXCLUDE		19184739		device logs of the owner's projector
overlay/apps_v1/** (12 files)	EXCLUDE		4886079		build output APKs (release assets only)
overlay/apps_v64/** (6 files)	EXCLUDE		3555169		build output APKs
overlay/apps_v65/** (6 files)	EXCLUDE		3628897		build output APKs
overlay/audio/** (9 files)	EXCLUDE		121805		copies/derivatives of the vendor audio policy XMLs (generated at boot instead)
overlay/v1/c2store/** (6 files)	EXCLUDE		717112		MediaTek proprietary codec2 libraries: NEVER in git or public images (installer 'blobs' step)
overlay/v1/c2vndk/** (2 files)	REGENERATE		1367360		our libcodec2_vndk build (AOSP source + lineage/patches); a release asset, not git
overlay/v6/** (28 files)	EXCLUDE		65998		superseded overlay generation
overlay/v61/** (31 files)	EXCLUDE		79182		superseded overlay generation
overlay/v62/** (45 files)	EXCLUDE		2365077		superseded overlay generation (+ MTK c2store blobs)
overlay/v63/** (46 files)	EXCLUDE		2366169		superseded overlay generation (+ MTK c2store blobs)
overlay/v64-fix/** (1 files)	EXCLUDE		3681		superseded
overlay/v64/** (46 files)	EXCLUDE		2368448		superseded overlay generation (+ MTK c2store blobs)
overlay/v65/** (49 files)	EXCLUDE		2395831		superseded by overlay/v1 (history starts at Lumen OS 1.0)
research/** (7 files)	EXCLUDE		7284119		XGIMI focus/ToF captures and constants from stock (research only)
aosp_arm64-img-16478758.zip	EXCLUDE		962704953		Google GSI download
apps_installed.txt	EXCLUDE		563		personal app list
system.img	EXCLUDE		2064211968		image
vbmeta.img	EXCLUDE		4096		Google build artifact; never shipped (vbmeta is the user's manual step)
apps/V61_ARCH.md	PUBLISH_SCRUB	docs/design/V61_ARCH.md	22624		design history
apps/V61_IMAGE_PLAN.md	PUBLISH_SCRUB	docs/design/V61_IMAGE_PLAN.md	8782		design history
apps/V61_KEYS_PLAN.md	PUBLISH_SCRUB	docs/design/V61_KEYS_PLAN.md	7658	PERSONAL	design history
apps/V61_REQUIREMENTS.md	PUBLISH_SCRUB	docs/design/V61_REQUIREMENTS.md	8633		design history
apps/V62_REQUIREMENTS.md	PUBLISH_SCRUB	docs/design/V62_REQUIREMENTS.md	5540		design history
apps/V63_REQUIREMENTS.md	PUBLISH_SCRUB	docs/design/V63_REQUIREMENTS.md	4317		design history
apps/build_apk.sh	PUBLISH	apps/build_apk.sh	11103		own build tooling
apps/check_global_keys.py	PUBLISH	apps/check_global_keys.py	2978		own build tooling
apps/check_hal_callers.py	PUBLISH	apps/check_hal_callers.py	5436		own build tooling
apps/Z9xAirPlay/AndroidManifest.xml	PUBLISH	apps/Z9xAirPlay/AndroidManifest.xml	7486		own app source
apps/Z9xAirPlay/BUILD_PLAN.md	PUBLISH_SCRUB	apps/Z9xAirPlay/BUILD_PLAN.md	42252	PERSONAL	own app source; personal identifier found
apps/Z9xAirPlay/CHANGES.md	PUBLISH	apps/Z9xAirPlay/CHANGES.md	958		own app source
apps/Z9xAirPlay/LICENSE	PUBLISH	apps/Z9xAirPlay/LICENSE	35149		own app source
apps/Z9xAirPlay/NOTICE	PUBLISH	apps/Z9xAirPlay/NOTICE	6528		own app source
apps/Z9xAirPlay/assets/licenses/Apache-2.0-ALAC.txt	PUBLISH	apps/Z9xAirPlay/assets/licenses/Apache-2.0-ALAC.txt	9112		own app source
apps/Z9xAirPlay/assets/licenses/Apache-2.0-BoringSSL-fiat.txt	PUBLISH	apps/Z9xAirPlay/assets/licenses/Apache-2.0-BoringSSL-fiat.txt	638		own app source
apps/Z9xAirPlay/assets/licenses/Apache-2.0-BoringSSL.txt	PUBLISH	apps/Z9xAirPlay/assets/licenses/Apache-2.0-BoringSSL.txt	13115		own app source
apps/Z9xAirPlay/assets/licenses/GPL-3.0.txt	PUBLISH	apps/Z9xAirPlay/assets/licenses/GPL-3.0.txt	35149		own app source
apps/Z9xAirPlay/assets/licenses/LGPL-2.1-libplist.txt	PUBLISH	apps/Z9xAirPlay/assets/licenses/LGPL-2.1-libplist.txt	26434		own app source
apps/Z9xAirPlay/assets/licenses/MIT-csrp.txt	PUBLISH	apps/Z9xAirPlay/assets/licenses/MIT-csrp.txt	1433		own app source
apps/Z9xAirPlay/assets/licenses/MIT-jsmn.txt	PUBLISH	apps/Z9xAirPlay/assets/licenses/MIT-jsmn.txt	1365		own app source
apps/Z9xAirPlay/assets/licenses/MIT-llhttp.txt	PUBLISH	apps/Z9xAirPlay/assets/licenses/MIT-llhttp.txt	1105		own app source
apps/Z9xAirPlay/assets/licenses/MIT-time64.txt	PUBLISH	apps/Z9xAirPlay/assets/licenses/MIT-time64.txt	1334		own app source
apps/Z9xAirPlay/assets/licenses/NOTICE.txt	PUBLISH	apps/Z9xAirPlay/assets/licenses/NOTICE.txt	6528		own app source
apps/Z9xAirPlay/jni/Android.mk	PUBLISH	apps/Z9xAirPlay/jni/Android.mk	4993		own app source
apps/Z9xAirPlay/jni/Application.mk	PUBLISH	apps/Z9xAirPlay/jni/Application.mk	1156		own app source
apps/Z9xAirPlay/jni/BUILDINFO.txt	PUBLISH	apps/Z9xAirPlay/jni/BUILDINFO.txt	3956		own app source
apps/Z9xAirPlay/jni/build_native.sh	PUBLISH	apps/Z9xAirPlay/jni/build_native.sh	10157		own app source
apps/Z9xAirPlay/jni/exports.map	PUBLISH	apps/Z9xAirPlay/jni/exports.map	252		own app source
apps/Z9xAirPlay/jni/glue/audio_engine.cpp	PUBLISH	apps/Z9xAirPlay/jni/glue/audio_engine.cpp	34401		own app source
apps/Z9xAirPlay/jni/glue/audio_engine.h	PUBLISH	apps/Z9xAirPlay/jni/glue/audio_engine.h	1344		own app source
apps/Z9xAirPlay/jni/glue/dnssd_nsd.c	PUBLISH	apps/Z9xAirPlay/jni/glue/dnssd_nsd.c	8095		own app source
apps/Z9xAirPlay/jni/glue/dnssd_nsd.h	PUBLISH	apps/Z9xAirPlay/jni/glue/dnssd_nsd.h	624		own app source
apps/Z9xAirPlay/jni/glue/raop_callbacks.cpp	PUBLISH	apps/Z9xAirPlay/jni/glue/raop_callbacks.cpp	21943		own app source
apps/Z9xAirPlay/jni/glue/video_decoder.cpp	PUBLISH	apps/Z9xAirPlay/jni/glue/video_decoder.cpp	29313		own app source
apps/Z9xAirPlay/jni/glue/video_decoder.h	PUBLISH	apps/Z9xAirPlay/jni/glue/video_decoder.h	5255		own app source
apps/Z9xAirPlay/jni/glue/z9x_common.h	PUBLISH	apps/Z9xAirPlay/jni/glue/z9x_common.h	2857		own app source
apps/Z9xAirPlay/jni/glue/z9x_jni.cpp	PUBLISH	apps/Z9xAirPlay/jni/glue/z9x_jni.cpp	17529		own app source
apps/Z9xAirPlay/jni/glue/z9x_server.h	PUBLISH	apps/Z9xAirPlay/jni/glue/z9x_server.h	4111		own app source
apps/Z9xAirPlay/jni/patches/alac/z9x-alac-0001-bound-partial-frame.patch	PUBLISH	apps/Z9xAirPlay/jni/patches/alac/z9x-alac-0001-bound-partial-frame.patch	1472		own app source
apps/Z9xAirPlay/jni/patches/uxplay/z9x-0001-hls-playlist-crash.patch	PUBLISH	apps/Z9xAirPlay/jni/patches/uxplay/z9x-0001-hls-playlist-crash.patch	5185		own app source
apps/Z9xAirPlay/jni/patches/uxplay/z9x-0002-hls-playlist-store-lock.patch	PUBLISH	apps/Z9xAirPlay/jni/patches/uxplay/z9x-0002-hls-playlist-store-lock.patch	8944		own app source
apps/Z9xAirPlay/jni/patches/uxplay/z9x-0003-hls-conn-closed-reset.patch	PUBLISH	apps/Z9xAirPlay/jni/patches/uxplay/z9x-0003-hls-conn-closed-reset.patch	3250		own app source
apps/Z9xAirPlay/jni/patches/uxplay/z9x-0004-video-sender-compat.patch	PUBLISH	apps/Z9xAirPlay/jni/patches/uxplay/z9x-0004-video-sender-compat.patch	12752		own app source
apps/Z9xAirPlay/jni/patches/uxplay/z9x-0005-hls-live-playlist-refresh.patch	PUBLISH	apps/Z9xAirPlay/jni/patches/uxplay/z9x-0005-hls-live-playlist-refresh.patch	12261		own app source
apps/Z9xAirPlay/jni/patches/uxplay/z9x-0006-pin-throttle-peer-filter.patch	PUBLISH	apps/Z9xAirPlay/jni/patches/uxplay/z9x-0006-pin-throttle-peer-filter.patch	9693		own app source
apps/Z9xAirPlay/jni/patches/uxplay/z9x-0007-pin-enforce.patch	PUBLISH	apps/Z9xAirPlay/jni/patches/uxplay/z9x-0007-pin-enforce.patch	7165		own app source
apps/Z9xAirPlay/jni/patches/uxplay/z9x-0008-nohold-airplay-mirror-peer.patch	PUBLISH	apps/Z9xAirPlay/jni/patches/uxplay/z9x-0008-nohold-airplay-mirror-peer.patch	4018		own app source
apps/Z9xAirPlay/jni/patches/uxplay/z9x-0009-httpd-accept-errors-keepalive.patch	PUBLISH	apps/Z9xAirPlay/jni/patches/uxplay/z9x-0009-httpd-accept-errors-keepalive.patch	5614		own app source
apps/Z9xAirPlay/jni/patches/uxplay/z9x-0101-boringssl-base64.patch	PUBLISH	apps/Z9xAirPlay/jni/patches/uxplay/z9x-0101-boringssl-base64.patch	1327		own app source
apps/Z9xAirPlay/lib/arm64-v8a/libz9xairplay.so	EXCLUDE		1296656		our native build output (rebuilt by jni/build_native.sh)
apps/Z9xAirPlay/lib/armeabi-v7a/libz9xairplay.so	EXCLUDE		918756		our native build output (rebuilt by jni/build_native.sh)
apps/Z9xAirPlay/res/drawable/ic_airplay.xml	PUBLISH	apps/Z9xAirPlay/res/drawable/ic_airplay.xml	595		own app source
apps/Z9xAirPlay/res/drawable/row_bg.xml	PUBLISH	apps/Z9xAirPlay/res/drawable/row_bg.xml	588		own app source
apps/Z9xAirPlay/res/values/colors.xml	PUBLISH	apps/Z9xAirPlay/res/values/colors.xml	347		own app source
apps/Z9xAirPlay/res/values/strings.xml	PUBLISH	apps/Z9xAirPlay/res/values/strings.xml	3400		own app source
apps/Z9xAirPlay/res/values/strings_nt.xml	PUBLISH	apps/Z9xAirPlay/res/values/strings_nt.xml	259		own app source
apps/Z9xAirPlay/res/values/styles.xml	PUBLISH	apps/Z9xAirPlay/res/values/styles.xml	831		own app source
apps/Z9xAirPlay/res/values-ar/strings.xml	PUBLISH	apps/Z9xAirPlay/res/values-ar/strings.xml	3955		own app source
apps/Z9xAirPlay/res/values-be/strings.xml	PUBLISH	apps/Z9xAirPlay/res/values-be/strings.xml	4072		own app source
apps/Z9xAirPlay/res/values-de/strings.xml	PUBLISH	apps/Z9xAirPlay/res/values-de/strings.xml	3454		own app source
apps/Z9xAirPlay/res/values-es/strings.xml	PUBLISH	apps/Z9xAirPlay/res/values-es/strings.xml	3432		own app source
apps/Z9xAirPlay/res/values-fr/strings.xml	PUBLISH	apps/Z9xAirPlay/res/values-fr/strings.xml	3480		own app source
apps/Z9xAirPlay/res/values-it/strings.xml	PUBLISH	apps/Z9xAirPlay/res/values-it/strings.xml	3354		own app source
apps/Z9xAirPlay/res/values-ja/strings.xml	PUBLISH	apps/Z9xAirPlay/res/values-ja/strings.xml	3906		own app source
apps/Z9xAirPlay/res/values-kk/strings.xml	PUBLISH	apps/Z9xAirPlay/res/values-kk/strings.xml	4191		own app source
apps/Z9xAirPlay/res/values-ko/strings.xml	PUBLISH	apps/Z9xAirPlay/res/values-ko/strings.xml	3547		own app source
apps/Z9xAirPlay/res/values-pl/strings.xml	PUBLISH	apps/Z9xAirPlay/res/values-pl/strings.xml	3371		own app source
apps/Z9xAirPlay/res/values-pt/strings.xml	PUBLISH	apps/Z9xAirPlay/res/values-pt/strings.xml	3459		own app source
apps/Z9xAirPlay/res/values-pt-rBR/strings.xml	PUBLISH	apps/Z9xAirPlay/res/values-pt-rBR/strings.xml	3459		own app source
apps/Z9xAirPlay/res/values-ru/strings.xml	PUBLISH	apps/Z9xAirPlay/res/values-ru/strings.xml	4128		own app source
apps/Z9xAirPlay/res/values-tr/strings.xml	PUBLISH	apps/Z9xAirPlay/res/values-tr/strings.xml	3356		own app source
apps/Z9xAirPlay/res/values-uk/strings.xml	PUBLISH	apps/Z9xAirPlay/res/values-uk/strings.xml	4124		own app source
apps/Z9xAirPlay/res/values-zh-rCN/strings.xml	PUBLISH	apps/Z9xAirPlay/res/values-zh-rCN/strings.xml	3228		own app source
apps/Z9xAirPlay/res/values-zh-rTW/strings.xml	PUBLISH	apps/Z9xAirPlay/res/values-zh-rTW/strings.xml	3266		own app source
apps/Z9xAirPlay/src/org/z9x/airplay/AirPlayService.java	PUBLISH	apps/Z9xAirPlay/src/org/z9x/airplay/AirPlayService.java	49167		own app source
apps/Z9xAirPlay/src/org/z9x/airplay/AspectSurfaceView.java	PUBLISH	apps/Z9xAirPlay/src/org/z9x/airplay/AspectSurfaceView.java	1121		own app source
apps/Z9xAirPlay/src/org/z9x/airplay/BootReceiver.java	PUBLISH	apps/Z9xAirPlay/src/org/z9x/airplay/BootReceiver.java	940		own app source
apps/Z9xAirPlay/src/org/z9x/airplay/Dacp.java	PUBLISH	apps/Z9xAirPlay/src/org/z9x/airplay/Dacp.java	5792		own app source
apps/Z9xAirPlay/src/org/z9x/airplay/Dmap.java	PUBLISH	apps/Z9xAirPlay/src/org/z9x/airplay/Dmap.java	2962		own app source
apps/Z9xAirPlay/src/org/z9x/airplay/HlsPlayer.java	PUBLISH	apps/Z9xAirPlay/src/org/z9x/airplay/HlsPlayer.java	8611		own app source
apps/Z9xAirPlay/src/org/z9x/airplay/MirrorActivity.java	PUBLISH	apps/Z9xAirPlay/src/org/z9x/airplay/MirrorActivity.java	17236		own app source
apps/Z9xAirPlay/src/org/z9x/airplay/NativeBridge.java	PUBLISH	apps/Z9xAirPlay/src/org/z9x/airplay/NativeBridge.java	4913		own app source
apps/Z9xAirPlay/src/org/z9x/airplay/NsdPublisher.java	PUBLISH	apps/Z9xAirPlay/src/org/z9x/airplay/NsdPublisher.java	10779		own app source
apps/Z9xAirPlay/src/org/z9x/airplay/Prefs.java	PUBLISH	apps/Z9xAirPlay/src/org/z9x/airplay/Prefs.java	7255		own app source
apps/Z9xAirPlay/src/org/z9x/airplay/SettingsActivity.java	PUBLISH	apps/Z9xAirPlay/src/org/z9x/airplay/SettingsActivity.java	16360		own app source
apps/Z9xAirPlay/src/org/z9x/airplay/WatchdogJob.java	PUBLISH	apps/Z9xAirPlay/src/org/z9x/airplay/WatchdogJob.java	3249		own app source
apps/Z9xDeviceConfigOverlay/AndroidManifest.xml	PUBLISH	apps/Z9xDeviceConfigOverlay/AndroidManifest.xml	1071		own app source
apps/Z9xDeviceConfigOverlay/res/values/arrays.xml	PUBLISH	apps/Z9xDeviceConfigOverlay/res/values/arrays.xml	853		own app source
apps/Z9xFrameworkKeysOverlay/AndroidManifest.xml	PUBLISH	apps/Z9xFrameworkKeysOverlay/AndroidManifest.xml	2205		own app source
apps/Z9xFrameworkKeysOverlay/Z9xFrameworkKeysOverlay.apk	EXCLUDE		12580		build output
apps/Z9xFrameworkKeysOverlay/res/layout/shutdown_dialog.xml	PUBLISH	apps/Z9xFrameworkKeysOverlay/res/layout/shutdown_dialog.xml	4016		own app source
apps/Z9xFrameworkKeysOverlay/res/values/config.xml	PUBLISH	apps/Z9xFrameworkKeysOverlay/res/values/config.xml	6441		own app source
apps/Z9xFrameworkKeysOverlay/res/xml/global_keys.xml	PUBLISH	apps/Z9xFrameworkKeysOverlay/res/xml/global_keys.xml	7352		own app source
apps/Z9xHome/AndroidManifest.xml	PUBLISH	apps/Z9xHome/AndroidManifest.xml	10555		own app source
apps/Z9xHome/CHANGES.md	PUBLISH	apps/Z9xHome/CHANGES.md	10816		own app source
apps/Z9xHome/Z9xHome.apk	EXCLUDE		471637		build output
apps/Z9xHome/image/default-permissions-z9xhome.xml	PUBLISH	apps/Z9xHome/image/default-permissions-z9xhome.xml	538		own app source
apps/Z9xHome/image/privapp-permissions-z9xhome.xml	PUBLISH	apps/Z9xHome/image/privapp-permissions-z9xhome.xml	966		own app source
apps/Z9xHome/image/sysconfig-z9xhome.snippet.xml	PUBLISH	apps/Z9xHome/image/sysconfig-z9xhome.snippet.xml	425		own app source
apps/Z9xHome/res/drawable/banner.xml	PUBLISH	apps/Z9xHome/res/drawable/banner.xml	503		own app source
apps/Z9xHome/res/drawable/bg_start.xml	PUBLISH	apps/Z9xHome/res/drawable/bg_start.xml	864		own app source
apps/Z9xHome/res/drawable/cursor.xml	PUBLISH	apps/Z9xHome/res/drawable/cursor.xml	222		own app source
apps/Z9xHome/res/drawable/ic_add_box.xml	PUBLISH	apps/Z9xHome/res/drawable/ic_add_box.xml	1000		own app source
apps/Z9xHome/res/drawable/ic_airplay.xml	PUBLISH	apps/Z9xHome/res/drawable/ic_airplay.xml	692		own app source
apps/Z9xHome/res/drawable/ic_apps.xml	PUBLISH	apps/Z9xHome/res/drawable/ic_apps.xml	1571		own app source
apps/Z9xHome/res/drawable/ic_autofocus.xml	PUBLISH	apps/Z9xHome/res/drawable/ic_autofocus.xml	1423		own app source
apps/Z9xHome/res/drawable/ic_cast.xml	PUBLISH	apps/Z9xHome/res/drawable/ic_cast.xml	1120		own app source
apps/Z9xHome/res/drawable/ic_check.xml	PUBLISH	apps/Z9xHome/res/drawable/ic_check.xml	538		own app source
apps/Z9xHome/res/drawable/ic_chevron_left.xml	PUBLISH	apps/Z9xHome/res/drawable/ic_chevron_left.xml	547		own app source
apps/Z9xHome/res/drawable/ic_chevron_right.xml	PUBLISH	apps/Z9xHome/res/drawable/ic_chevron_right.xml	547		own app source
apps/Z9xHome/res/drawable/ic_close.xml	PUBLISH	apps/Z9xHome/res/drawable/ic_close.xml	718		own app source
apps/Z9xHome/res/drawable/ic_cloud.xml	PUBLISH	apps/Z9xHome/res/drawable/ic_cloud.xml	602		own app source
apps/Z9xHome/res/drawable/ic_edit.xml	PUBLISH	apps/Z9xHome/res/drawable/ic_edit.xml	746		own app source
apps/Z9xHome/res/drawable/ic_eye.xml	PUBLISH	apps/Z9xHome/res/drawable/ic_eye.xml	772		own app source
apps/Z9xHome/res/drawable/ic_eye_off.xml	PUBLISH	apps/Z9xHome/res/drawable/ic_eye_off.xml	977		own app source
apps/Z9xHome/res/drawable/ic_gamepad.xml	PUBLISH	apps/Z9xHome/res/drawable/ic_gamepad.xml	1306		own app source
apps/Z9xHome/res/drawable/ic_hdmi.xml	PUBLISH	apps/Z9xHome/res/drawable/ic_hdmi.xml	765		own app source
apps/Z9xHome/res/drawable/ic_history.xml	PUBLISH	apps/Z9xHome/res/drawable/ic_history.xml	960		own app source
apps/Z9xHome/res/drawable/ic_home.xml	PUBLISH	apps/Z9xHome/res/drawable/ic_home.xml	758		own app source
apps/Z9xHome/res/drawable/ic_info.xml	PUBLISH	apps/Z9xHome/res/drawable/ic_info.xml	867		own app source
apps/Z9xHome/res/drawable/ic_input.xml	PUBLISH	apps/Z9xHome/res/drawable/ic_input.xml	997		own app source
apps/Z9xHome/res/drawable/ic_keyboard.xml	PUBLISH	apps/Z9xHome/res/drawable/ic_keyboard.xml	1301		own app source
apps/Z9xHome/res/drawable/ic_keystone.xml	PUBLISH	apps/Z9xHome/res/drawable/ic_keystone.xml	550		own app source
apps/Z9xHome/res/drawable/ic_lamp.xml	PUBLISH	apps/Z9xHome/res/drawable/ic_lamp.xml	1258		own app source
apps/Z9xHome/res/drawable/ic_launcher.xml	PUBLISH	apps/Z9xHome/res/drawable/ic_launcher.xml	964		own app source
apps/Z9xHome/res/drawable/ic_location.xml	PUBLISH	apps/Z9xHome/res/drawable/ic_location.xml	816		own app source
apps/Z9xHome/res/drawable/ic_mic.xml	PUBLISH	apps/Z9xHome/res/drawable/ic_mic.xml	1004		own app source
apps/Z9xHome/res/drawable/ic_move.xml	PUBLISH	apps/Z9xHome/res/drawable/ic_move.xml	940		own app source
apps/Z9xHome/res/drawable/ic_open.xml	PUBLISH	apps/Z9xHome/res/drawable/ic_open.xml	997		own app source
apps/Z9xHome/res/drawable/ic_picture.xml	PUBLISH	apps/Z9xHome/res/drawable/ic_picture.xml	981		own app source
apps/Z9xHome/res/drawable/ic_play.xml	PUBLISH	apps/Z9xHome/res/drawable/ic_play.xml	413		own app source
apps/Z9xHome/res/drawable/ic_player.xml	PUBLISH	apps/Z9xHome/res/drawable/ic_player.xml	953		own app source
apps/Z9xHome/res/drawable/ic_plus.xml	PUBLISH	apps/Z9xHome/res/drawable/ic_plus.xml	719		own app source
apps/Z9xHome/res/drawable/ic_power.xml	PUBLISH	apps/Z9xHome/res/drawable/ic_power.xml	735		own app source
apps/Z9xHome/res/drawable/ic_reorder.xml	PUBLISH	apps/Z9xHome/res/drawable/ic_reorder.xml	914		own app source
apps/Z9xHome/res/drawable/ic_rows.xml	PUBLISH	apps/Z9xHome/res/drawable/ic_rows.xml	932		own app source
apps/Z9xHome/res/drawable/ic_search.xml	PUBLISH	apps/Z9xHome/res/drawable/ic_search.xml	774		own app source
apps/Z9xHome/res/drawable/ic_settings.xml	PUBLISH	apps/Z9xHome/res/drawable/ic_settings.xml	1122		own app source
apps/Z9xHome/res/drawable/ic_sound.xml	PUBLISH	apps/Z9xHome/res/drawable/ic_sound.xml	979		own app source
apps/Z9xHome/res/drawable/ic_soundbar.xml	PUBLISH	apps/Z9xHome/res/drawable/ic_soundbar.xml	991		own app source
apps/Z9xHome/res/drawable/ic_spotlight.xml	PUBLISH	apps/Z9xHome/res/drawable/ic_spotlight.xml	1030		own app source
apps/Z9xHome/res/drawable/ic_star.xml	PUBLISH	apps/Z9xHome/res/drawable/ic_star.xml	625		own app source
apps/Z9xHome/res/drawable/ic_star_off.xml	PUBLISH	apps/Z9xHome/res/drawable/ic_star_off.xml	822		own app source
apps/Z9xHome/res/drawable/ic_thermometer.xml	PUBLISH	apps/Z9xHome/res/drawable/ic_thermometer.xml	571		own app source
apps/Z9xHome/res/drawable/ic_timer.xml	PUBLISH	apps/Z9xHome/res/drawable/ic_timer.xml	1167		own app source
apps/Z9xHome/res/drawable/ic_trash.xml	PUBLISH	apps/Z9xHome/res/drawable/ic_trash.xml	1334		own app source
apps/Z9xHome/res/drawable/ic_tune.xml	PUBLISH	apps/Z9xHome/res/drawable/ic_tune.xml	1218		own app source
apps/Z9xHome/res/drawable/ic_update.xml	PUBLISH	apps/Z9xHome/res/drawable/ic_update.xml	936		own app source
apps/Z9xHome/res/drawable/wx_clear_day.xml	PUBLISH	apps/Z9xHome/res/drawable/wx_clear_day.xml	799		own app source
apps/Z9xHome/res/drawable/wx_clear_night.xml	PUBLISH	apps/Z9xHome/res/drawable/wx_clear_night.xml	460		own app source
apps/Z9xHome/res/drawable/wx_cloudy.xml	PUBLISH	apps/Z9xHome/res/drawable/wx_cloudy.xml	487		own app source
apps/Z9xHome/res/drawable/wx_drizzle.xml	PUBLISH	apps/Z9xHome/res/drawable/wx_drizzle.xml	1080		own app source
apps/Z9xHome/res/drawable/wx_fog.xml	PUBLISH	apps/Z9xHome/res/drawable/wx_fog.xml	877		own app source
apps/Z9xHome/res/drawable/wx_partly_day.xml	PUBLISH	apps/Z9xHome/res/drawable/wx_partly_day.xml	964		own app source
apps/Z9xHome/res/drawable/wx_partly_night.xml	PUBLISH	apps/Z9xHome/res/drawable/wx_partly_night.xml	610		own app source
apps/Z9xHome/res/drawable/wx_rain.xml	PUBLISH	apps/Z9xHome/res/drawable/wx_rain.xml	1077		own app source
apps/Z9xHome/res/drawable/wx_showers.xml	PUBLISH	apps/Z9xHome/res/drawable/wx_showers.xml	1000		own app source
apps/Z9xHome/res/drawable/wx_snow.xml	PUBLISH	apps/Z9xHome/res/drawable/wx_snow.xml	833		own app source
apps/Z9xHome/res/drawable/wx_thunder.xml	PUBLISH	apps/Z9xHome/res/drawable/wx_thunder.xml	603		own app source
apps/Z9xHome/res/values/strings.xml	PUBLISH	apps/Z9xHome/res/values/strings.xml	9874		own app source
apps/Z9xHome/res/values/themes.xml	PUBLISH	apps/Z9xHome/res/values/themes.xml	1752		own app source
apps/Z9xHome/res/values/z9x_tokens.xml	PUBLISH	apps/Z9xHome/res/values/z9x_tokens.xml	1188		own app source
apps/Z9xHome/res/values-ar/strings.xml	PUBLISH	apps/Z9xHome/res/values-ar/strings.xml	11210		own app source
apps/Z9xHome/res/values-be/strings.xml	PUBLISH	apps/Z9xHome/res/values-be/strings.xml	12036		own app source
apps/Z9xHome/res/values-de/strings.xml	PUBLISH	apps/Z9xHome/res/values-de/strings.xml	9713		own app source
apps/Z9xHome/res/values-es/strings.xml	PUBLISH	apps/Z9xHome/res/values-es/strings.xml	9593		own app source
apps/Z9xHome/res/values-fr/strings.xml	PUBLISH	apps/Z9xHome/res/values-fr/strings.xml	9934		own app source
apps/Z9xHome/res/values-it/strings.xml	PUBLISH	apps/Z9xHome/res/values-it/strings.xml	9497		own app source
apps/Z9xHome/res/values-ja/strings.xml	PUBLISH	apps/Z9xHome/res/values-ja/strings.xml	10795		own app source
apps/Z9xHome/res/values-kk/strings.xml	PUBLISH	apps/Z9xHome/res/values-kk/strings.xml	12394		own app source
apps/Z9xHome/res/values-ko/strings.xml	PUBLISH	apps/Z9xHome/res/values-ko/strings.xml	9995		own app source
apps/Z9xHome/res/values-pl/strings.xml	PUBLISH	apps/Z9xHome/res/values-pl/strings.xml	9639		own app source
apps/Z9xHome/res/values-pt/strings.xml	PUBLISH	apps/Z9xHome/res/values-pt/strings.xml	9645		own app source
apps/Z9xHome/res/values-pt-rBR/strings.xml	PUBLISH	apps/Z9xHome/res/values-pt-rBR/strings.xml	9645		own app source
apps/Z9xHome/res/values-ru/strings.xml	PUBLISH	apps/Z9xHome/res/values-ru/strings.xml	12192		own app source
apps/Z9xHome/res/values-tr/strings.xml	PUBLISH	apps/Z9xHome/res/values-tr/strings.xml	9773		own app source
apps/Z9xHome/res/values-uk/strings.xml	PUBLISH	apps/Z9xHome/res/values-uk/strings.xml	12254		own app source
apps/Z9xHome/res/values-zh-rCN/strings.xml	PUBLISH	apps/Z9xHome/res/values-zh-rCN/strings.xml	9184		own app source
apps/Z9xHome/res/values-zh-rTW/strings.xml	PUBLISH	apps/Z9xHome/res/values-zh-rTW/strings.xml	9439		own app source
apps/Z9xHome/res/xml/network_security_config.xml	PUBLISH	apps/Z9xHome/res/xml/network_security_config.xml	577		own app source
apps/Z9xHome/src/org/z9x/common/GeoIp.java	PUBLISH	apps/Z9xHome/src/org/z9x/common/GeoIp.java	8209		own app source
apps/Z9xHome/src/org/z9x/home/App.java	PUBLISH	apps/Z9xHome/src/org/z9x/home/App.java	4191		own app source
apps/Z9xHome/src/org/z9x/home/HomeActivity.java	PUBLISH	apps/Z9xHome/src/org/z9x/home/HomeActivity.java	38812		own app source
apps/Z9xHome/src/org/z9x/home/Launch.java	PUBLISH	apps/Z9xHome/src/org/z9x/home/Launch.java	3196		own app source
apps/Z9xHome/src/org/z9x/home/Prefs.java	PUBLISH	apps/Z9xHome/src/org/z9x/home/Prefs.java	4678		own app source
apps/Z9xHome/src/org/z9x/home/Safe.java	PUBLISH	apps/Z9xHome/src/org/z9x/home/Safe.java	553		own app source
apps/Z9xHome/src/org/z9x/home/SafeModeView.java	PUBLISH	apps/Z9xHome/src/org/z9x/home/SafeModeView.java	4317		own app source
apps/Z9xHome/src/org/z9x/home/customize/CustomizeActivity.java	PUBLISH	apps/Z9xHome/src/org/z9x/home/customize/CustomizeActivity.java	15369		own app source
apps/Z9xHome/src/org/z9x/home/data/AppSource.java	PUBLISH	apps/Z9xHome/src/org/z9x/home/data/AppSource.java	5595		own app source
apps/Z9xHome/src/org/z9x/home/data/Card.java	PUBLISH	apps/Z9xHome/src/org/z9x/home/data/Card.java	3330		own app source
apps/Z9xHome/src/org/z9x/home/data/GuardCore.java	PUBLISH	apps/Z9xHome/src/org/z9x/home/data/GuardCore.java	5266		own app source
apps/Z9xHome/src/org/z9x/home/data/HomeModel.java	PUBLISH	apps/Z9xHome/src/org/z9x/home/data/HomeModel.java	1741		own app source
apps/Z9xHome/src/org/z9x/home/data/HomeRepository.java	PUBLISH	apps/Z9xHome/src/org/z9x/home/data/HomeRepository.java	10937		own app source
apps/Z9xHome/src/org/z9x/home/data/InputSource.java	PUBLISH	apps/Z9xHome/src/org/z9x/home/data/InputSource.java	11515		own app source
apps/Z9xHome/src/org/z9x/home/data/IntentGuard.java	PUBLISH	apps/Z9xHome/src/org/z9x/home/data/IntentGuard.java	4372		own app source
apps/Z9xHome/src/org/z9x/home/data/Ranker.java	PUBLISH	apps/Z9xHome/src/org/z9x/home/data/Ranker.java	9929		own app source
apps/Z9xHome/src/org/z9x/home/data/Row.java	PUBLISH	apps/Z9xHome/src/org/z9x/home/data/Row.java	1536		own app source
apps/Z9xHome/src/org/z9x/home/data/SnapshotCodec.java	PUBLISH	apps/Z9xHome/src/org/z9x/home/data/SnapshotCodec.java	6254		own app source
apps/Z9xHome/src/org/z9x/home/data/SnapshotStore.java	PUBLISH	apps/Z9xHome/src/org/z9x/home/data/SnapshotStore.java	2547		own app source
apps/Z9xHome/src/org/z9x/home/data/TvpSource.java	PUBLISH	apps/Z9xHome/src/org/z9x/home/data/TvpSource.java	16333		own app source
apps/Z9xHome/src/org/z9x/home/img/AppArt.java	PUBLISH	apps/Z9xHome/src/org/z9x/home/img/AppArt.java	4293		own app source
apps/Z9xHome/src/org/z9x/home/img/Blur.java	PUBLISH	apps/Z9xHome/src/org/z9x/home/img/Blur.java	2661		own app source
apps/Z9xHome/src/org/z9x/home/img/DiskCache.java	PUBLISH	apps/Z9xHome/src/org/z9x/home/img/DiskCache.java	3366		own app source
apps/Z9xHome/src/org/z9x/home/img/DominantColor.java	PUBLISH	apps/Z9xHome/src/org/z9x/home/img/DominantColor.java	1781		own app source
apps/Z9xHome/src/org/z9x/home/img/ImageLoader.java	PUBLISH	apps/Z9xHome/src/org/z9x/home/img/ImageLoader.java	17838		own app source
apps/Z9xHome/src/org/z9x/home/proj/ProjectorBridge.java	PUBLISH	apps/Z9xHome/src/org/z9x/home/proj/ProjectorBridge.java	5535		own app source
apps/Z9xHome/src/org/z9x/home/search/AppMatcher.java	PUBLISH	apps/Z9xHome/src/org/z9x/home/search/AppMatcher.java	3318		own app source
apps/Z9xHome/src/org/z9x/home/search/MicUpReceiver.java	PUBLISH	apps/Z9xHome/src/org/z9x/home/search/MicUpReceiver.java	1166		own app source
apps/Z9xHome/src/org/z9x/home/search/SearchActivity.java	PUBLISH	apps/Z9xHome/src/org/z9x/home/search/SearchActivity.java	35881		own app source
apps/Z9xHome/src/org/z9x/home/search/SuggestProviders.java	PUBLISH	apps/Z9xHome/src/org/z9x/home/search/SuggestProviders.java	6675		own app source
apps/Z9xHome/src/org/z9x/home/search/TvKeyboard.java	PUBLISH	apps/Z9xHome/src/org/z9x/home/search/TvKeyboard.java	14854		own app source
apps/Z9xHome/src/org/z9x/home/search/VoiceInput.java	PUBLISH	apps/Z9xHome/src/org/z9x/home/search/VoiceInput.java	9946		own app source
apps/Z9xHome/src/org/z9x/home/tvp/BrowsableRequestActivity.java	PUBLISH	apps/Z9xHome/src/org/z9x/home/tvp/BrowsableRequestActivity.java	2013		own app source
apps/Z9xHome/src/org/z9x/home/tvp/BrowsableRequestReceiver.java	PUBLISH	apps/Z9xHome/src/org/z9x/home/tvp/BrowsableRequestReceiver.java	1167		own app source
apps/Z9xHome/src/org/z9x/home/tvp/PackageReceiver.java	PUBLISH	apps/Z9xHome/src/org/z9x/home/tvp/PackageReceiver.java	1573		own app source
apps/Z9xHome/src/org/z9x/home/tvp/ProgramsInitializer.java	PUBLISH	apps/Z9xHome/src/org/z9x/home/tvp/ProgramsInitializer.java	1747		own app source
apps/Z9xHome/src/org/z9x/home/ui/Backdrop.java	PUBLISH	apps/Z9xHome/src/org/z9x/home/ui/Backdrop.java	4877		own app source
apps/Z9xHome/src/org/z9x/home/ui/CardView.java	PUBLISH	apps/Z9xHome/src/org/z9x/home/ui/CardView.java	18144		own app source
apps/Z9xHome/src/org/z9x/home/ui/ChipRow.java	PUBLISH	apps/Z9xHome/src/org/z9x/home/ui/ChipRow.java	5864		own app source
apps/Z9xHome/src/org/z9x/home/ui/ContextPanel.java	PUBLISH	apps/Z9xHome/src/org/z9x/home/ui/ContextPanel.java	6081		own app source
apps/Z9xHome/src/org/z9x/home/ui/HeroView.java	PUBLISH	apps/Z9xHome/src/org/z9x/home/ui/HeroView.java	25017		own app source
apps/Z9xHome/src/org/z9x/home/ui/ListPanel.java	PUBLISH	apps/Z9xHome/src/org/z9x/home/ui/ListPanel.java	18648		own app source
apps/Z9xHome/src/org/z9x/home/ui/Page.java	PUBLISH	apps/Z9xHome/src/org/z9x/home/ui/Page.java	1344		own app source
apps/Z9xHome/src/org/z9x/home/ui/PageApps.java	PUBLISH	apps/Z9xHome/src/org/z9x/home/ui/PageApps.java	15216		own app source
apps/Z9xHome/src/org/z9x/home/ui/PageForYou.java	PUBLISH	apps/Z9xHome/src/org/z9x/home/ui/PageForYou.java	14050		own app source
apps/Z9xHome/src/org/z9x/home/ui/PillButton.java	PUBLISH	apps/Z9xHome/src/org/z9x/home/ui/PillButton.java	6021		own app source
apps/Z9xHome/src/org/z9x/home/ui/RowView.java	PUBLISH	apps/Z9xHome/src/org/z9x/home/ui/RowView.java	16462		own app source
apps/Z9xHome/src/org/z9x/home/ui/RowsPage.java	PUBLISH	apps/Z9xHome/src/org/z9x/home/ui/RowsPage.java	8447		own app source
apps/Z9xHome/src/org/z9x/home/ui/Theme.java	PUBLISH	apps/Z9xHome/src/org/z9x/home/ui/Theme.java	7396		own app source
apps/Z9xHome/src/org/z9x/home/ui/TopBar.java	PUBLISH	apps/Z9xHome/src/org/z9x/home/ui/TopBar.java	13442		own app source
apps/Z9xHome/src/org/z9x/home/ui/Trailer.java	PUBLISH	apps/Z9xHome/src/org/z9x/home/ui/Trailer.java	3951		own app source
apps/Z9xHome/src/org/z9x/home/weather/Weather.java	PUBLISH	apps/Z9xHome/src/org/z9x/home/weather/Weather.java	11819		own app source
apps/Z9xHome/src/org/z9x/home/weather/Wmo.java	PUBLISH	apps/Z9xHome/src/org/z9x/home/weather/Wmo.java	1016		own app source
apps/Z9xHome/test/org/z9x/home/data/AllTests.java	PUBLISH	apps/Z9xHome/test/org/z9x/home/data/AllTests.java	389		own app source
apps/Z9xHome/test/org/z9x/home/data/IntentGuardTest.java	PUBLISH	apps/Z9xHome/test/org/z9x/home/data/IntentGuardTest.java	4010		own app source
apps/Z9xHome/test/org/z9x/home/data/RankerTest.java	PUBLISH	apps/Z9xHome/test/org/z9x/home/data/RankerTest.java	5348		own app source
apps/Z9xHome/test/org/z9x/home/data/SnapshotTest.java	PUBLISH	apps/Z9xHome/test/org/z9x/home/data/SnapshotTest.java	2910		own app source
apps/Z9xHome/test/org/z9x/home/data/T.java	PUBLISH	apps/Z9xHome/test/org/z9x/home/data/T.java	505		own app source
apps/Z9xHome/tools/gen_icons.py	PUBLISH	apps/Z9xHome/tools/gen_icons.py	12860		own app source
apps/Z9xHome/tools/i18n_home_a.py	PUBLISH	apps/Z9xHome/tools/i18n_home_a.py	59964		own app source
apps/Z9xHome/tools/i18n_home_b.py	PUBLISH	apps/Z9xHome/tools/i18n_home_b.py	52271		own app source
apps/Z9xHome/tools/i18n_local.py	PUBLISH	apps/Z9xHome/tools/i18n_local.py	4009		own app source
apps/Z9xHome/tools/run_tests.sh	PUBLISH	apps/Z9xHome/tools/run_tests.sh	907		own app source
apps/Z9xLineagePlatformOverlay/AndroidManifest.xml	PUBLISH	apps/Z9xLineagePlatformOverlay/AndroidManifest.xml	984		own app source
apps/Z9xLineagePlatformOverlay/README.txt	PUBLISH	apps/Z9xLineagePlatformOverlay/README.txt	372		own app source
apps/Z9xLineagePlatformOverlay/res/values/config.xml	PUBLISH	apps/Z9xLineagePlatformOverlay/res/values/config.xml	350		own app source
apps/Z9xLineagePlatformOverlay/res/values/strings.xml	PUBLISH	apps/Z9xLineagePlatformOverlay/res/values/strings.xml	310		own app source
apps/Z9xLineagePlatformOverlay/res/values-ar/strings.xml	PUBLISH	apps/Z9xLineagePlatformOverlay/res/values-ar/strings.xml	322		own app source
apps/Z9xLineagePlatformOverlay/res/values-az/strings.xml	PUBLISH	apps/Z9xLineagePlatformOverlay/res/values-az/strings.xml	326		own app source
apps/Z9xLineagePlatformOverlay/res/values-b+ast+ES/strings.xml	PUBLISH	apps/Z9xLineagePlatformOverlay/res/values-b+ast+ES/strings.xml	323		own app source
apps/Z9xLineagePlatformOverlay/res/values-b+fur+IT/strings.xml	PUBLISH	apps/Z9xLineagePlatformOverlay/res/values-b+fur+IT/strings.xml	322		own app source
apps/Z9xLineagePlatformOverlay/res/values-be/strings.xml	PUBLISH	apps/Z9xLineagePlatformOverlay/res/values-be/strings.xml	336		own app source
apps/Z9xLineagePlatformOverlay/res/values-bg/strings.xml	PUBLISH	apps/Z9xLineagePlatformOverlay/res/values-bg/strings.xml	345		own app source
apps/Z9xLineagePlatformOverlay/res/values-ca/strings.xml	PUBLISH	apps/Z9xLineagePlatformOverlay/res/values-ca/strings.xml	325		own app source
apps/Z9xLineagePlatformOverlay/res/values-cs/strings.xml	PUBLISH	apps/Z9xLineagePlatformOverlay/res/values-cs/strings.xml	322		own app source
apps/Z9xLineagePlatformOverlay/res/values-cy/strings.xml	PUBLISH	apps/Z9xLineagePlatformOverlay/res/values-cy/strings.xml	316		own app source
apps/Z9xLineagePlatformOverlay/res/values-da/strings.xml	PUBLISH	apps/Z9xLineagePlatformOverlay/res/values-da/strings.xml	315		own app source
apps/Z9xLineagePlatformOverlay/res/values-de/strings.xml	PUBLISH	apps/Z9xLineagePlatformOverlay/res/values-de/strings.xml	310		own app source
apps/Z9xLineagePlatformOverlay/res/values-el/strings.xml	PUBLISH	apps/Z9xLineagePlatformOverlay/res/values-el/strings.xml	338		own app source
apps/Z9xLineagePlatformOverlay/res/values-en-rAU/strings.xml	PUBLISH	apps/Z9xLineagePlatformOverlay/res/values-en-rAU/strings.xml	310		own app source
apps/Z9xLineagePlatformOverlay/res/values-en-rCA/strings.xml	PUBLISH	apps/Z9xLineagePlatformOverlay/res/values-en-rCA/strings.xml	310		own app source
apps/Z9xLineagePlatformOverlay/res/values-en-rGB/strings.xml	PUBLISH	apps/Z9xLineagePlatformOverlay/res/values-en-rGB/strings.xml	310		own app source
apps/Z9xLineagePlatformOverlay/res/values-en-rIN/strings.xml	PUBLISH	apps/Z9xLineagePlatformOverlay/res/values-en-rIN/strings.xml	310		own app source
apps/Z9xLineagePlatformOverlay/res/values-es/strings.xml	PUBLISH	apps/Z9xLineagePlatformOverlay/res/values-es/strings.xml	329		own app source
apps/Z9xLineagePlatformOverlay/res/values-es-rUS/strings.xml	PUBLISH	apps/Z9xLineagePlatformOverlay/res/values-es-rUS/strings.xml	329		own app source
apps/Z9xLineagePlatformOverlay/res/values-et/strings.xml	PUBLISH	apps/Z9xLineagePlatformOverlay/res/values-et/strings.xml	324		own app source
apps/Z9xLineagePlatformOverlay/res/values-eu/strings.xml	PUBLISH	apps/Z9xLineagePlatformOverlay/res/values-eu/strings.xml	317		own app source
apps/Z9xLineagePlatformOverlay/res/values-fa/strings.xml	PUBLISH	apps/Z9xLineagePlatformOverlay/res/values-fa/strings.xml	342		own app source
apps/Z9xLineagePlatformOverlay/res/values-fi/strings.xml	PUBLISH	apps/Z9xLineagePlatformOverlay/res/values-fi/strings.xml	321		own app source
apps/Z9xLineagePlatformOverlay/res/values-fr/strings.xml	PUBLISH	apps/Z9xLineagePlatformOverlay/res/values-fr/strings.xml	318		own app source
apps/Z9xLineagePlatformOverlay/res/values-gd/strings.xml	PUBLISH	apps/Z9xLineagePlatformOverlay/res/values-gd/strings.xml	329		own app source
apps/Z9xLineagePlatformOverlay/res/values-gl/strings.xml	PUBLISH	apps/Z9xLineagePlatformOverlay/res/values-gl/strings.xml	326		own app source
apps/Z9xLineagePlatformOverlay/res/values-hr/strings.xml	PUBLISH	apps/Z9xLineagePlatformOverlay/res/values-hr/strings.xml	314		own app source
apps/Z9xLineagePlatformOverlay/res/values-hu/strings.xml	PUBLISH	apps/Z9xLineagePlatformOverlay/res/values-hu/strings.xml	318		own app source
apps/Z9xLineagePlatformOverlay/res/values-in/strings.xml	PUBLISH	apps/Z9xLineagePlatformOverlay/res/values-in/strings.xml	310		own app source
apps/Z9xLineagePlatformOverlay/res/values-is/strings.xml	PUBLISH	apps/Z9xLineagePlatformOverlay/res/values-is/strings.xml	314		own app source
apps/Z9xLineagePlatformOverlay/res/values-it/strings.xml	PUBLISH	apps/Z9xLineagePlatformOverlay/res/values-it/strings.xml	318		own app source
apps/Z9xLineagePlatformOverlay/res/values-iw/strings.xml	PUBLISH	apps/Z9xLineagePlatformOverlay/res/values-iw/strings.xml	320		own app source
apps/Z9xLineagePlatformOverlay/res/values-ja/strings.xml	PUBLISH	apps/Z9xLineagePlatformOverlay/res/values-ja/strings.xml	335		own app source
apps/Z9xLineagePlatformOverlay/res/values-ka/strings.xml	PUBLISH	apps/Z9xLineagePlatformOverlay/res/values-ka/strings.xml	376		own app source
apps/Z9xLineagePlatformOverlay/res/values-kn/strings.xml	PUBLISH	apps/Z9xLineagePlatformOverlay/res/values-kn/strings.xml	362		own app source
apps/Z9xLineagePlatformOverlay/res/values-ko/strings.xml	PUBLISH	apps/Z9xLineagePlatformOverlay/res/values-ko/strings.xml	317		own app source
apps/Z9xLineagePlatformOverlay/res/values-nl/strings.xml	PUBLISH	apps/Z9xLineagePlatformOverlay/res/values-nl/strings.xml	310		own app source
apps/Z9xLineagePlatformOverlay/res/values-pl/strings.xml	PUBLISH	apps/Z9xLineagePlatformOverlay/res/values-pl/strings.xml	314		own app source
apps/Z9xLineagePlatformOverlay/res/values-pt-rBR/strings.xml	PUBLISH	apps/Z9xLineagePlatformOverlay/res/values-pt-rBR/strings.xml	324		own app source
apps/Z9xLineagePlatformOverlay/res/values-pt-rPT/strings.xml	PUBLISH	apps/Z9xLineagePlatformOverlay/res/values-pt-rPT/strings.xml	318		own app source
apps/Z9xLineagePlatformOverlay/res/values-ro/strings.xml	PUBLISH	apps/Z9xLineagePlatformOverlay/res/values-ro/strings.xml	316		own app source
apps/Z9xLineagePlatformOverlay/res/values-ru/strings.xml	PUBLISH	apps/Z9xLineagePlatformOverlay/res/values-ru/strings.xml	336		own app source
apps/Z9xLineagePlatformOverlay/res/values-sk/strings.xml	PUBLISH	apps/Z9xLineagePlatformOverlay/res/values-sk/strings.xml	316		own app source
apps/Z9xLineagePlatformOverlay/res/values-sl/strings.xml	PUBLISH	apps/Z9xLineagePlatformOverlay/res/values-sl/strings.xml	317		own app source
apps/Z9xLineagePlatformOverlay/res/values-sq/strings.xml	PUBLISH	apps/Z9xLineagePlatformOverlay/res/values-sq/strings.xml	323		own app source
apps/Z9xLineagePlatformOverlay/res/values-sr/strings.xml	PUBLISH	apps/Z9xLineagePlatformOverlay/res/values-sr/strings.xml	337		own app source
apps/Z9xLineagePlatformOverlay/res/values-sv/strings.xml	PUBLISH	apps/Z9xLineagePlatformOverlay/res/values-sv/strings.xml	318		own app source
apps/Z9xLineagePlatformOverlay/res/values-ta/strings.xml	PUBLISH	apps/Z9xLineagePlatformOverlay/res/values-ta/strings.xml	377		own app source
apps/Z9xLineagePlatformOverlay/res/values-th/strings.xml	PUBLISH	apps/Z9xLineagePlatformOverlay/res/values-th/strings.xml	359		own app source
apps/Z9xLineagePlatformOverlay/res/values-tr/strings.xml	PUBLISH	apps/Z9xLineagePlatformOverlay/res/values-tr/strings.xml	321		own app source
apps/Z9xLineagePlatformOverlay/res/values-uk/strings.xml	PUBLISH	apps/Z9xLineagePlatformOverlay/res/values-uk/strings.xml	334		own app source
apps/Z9xLineagePlatformOverlay/res/values-vi/strings.xml	PUBLISH	apps/Z9xLineagePlatformOverlay/res/values-vi/strings.xml	326		own app source
apps/Z9xLineagePlatformOverlay/res/values-zh-rCN/strings.xml	PUBLISH	apps/Z9xLineagePlatformOverlay/res/values-zh-rCN/strings.xml	308		own app source
apps/Z9xLineagePlatformOverlay/res/values-zh-rTW/strings.xml	PUBLISH	apps/Z9xLineagePlatformOverlay/res/values-zh-rTW/strings.xml	308		own app source
apps/Z9xProjector/AndroidManifest.xml	PUBLISH	apps/Z9xProjector/AndroidManifest.xml	21132		own app source
apps/Z9xProjector/CHANGES.md	PUBLISH	apps/Z9xProjector/CHANGES.md	16391		own app source
apps/Z9xProjector/CHANGES_cec.md	PUBLISH	apps/Z9xProjector/CHANGES_cec.md	3820		own app source
apps/Z9xProjector/README_ru.md	PUBLISH	apps/Z9xProjector/README_ru.md	36638		own app source
apps/Z9xProjector/Z9xProjector.apk	EXCLUDE		1197678		build output
apps/Z9xProjector/res/drawable/banner.xml	PUBLISH	apps/Z9xProjector/res/drawable/banner.xml	1797		own app source
apps/Z9xProjector/res/drawable/ic_eye_mask.xml	PUBLISH	apps/Z9xProjector/res/drawable/ic_eye_mask.xml	1409		own app source
apps/Z9xProjector/res/drawable/ic_projector.xml	PUBLISH	apps/Z9xProjector/res/drawable/ic_projector.xml	924		own app source
apps/Z9xProjector/res/drawable/ic_tile_brightness.xml	PUBLISH	apps/Z9xProjector/res/drawable/ic_tile_brightness.xml	1060		own app source
apps/Z9xProjector/res/drawable/ic_tile_eye.xml	PUBLISH	apps/Z9xProjector/res/drawable/ic_tile_eye.xml	983		own app source
apps/Z9xProjector/res/drawable/ic_tile_focus.xml	PUBLISH	apps/Z9xProjector/res/drawable/ic_tile_focus.xml	1178		own app source
apps/Z9xProjector/res/drawable/ic_tile_game.xml	PUBLISH	apps/Z9xProjector/res/drawable/ic_tile_game.xml	1267		own app source
apps/Z9xProjector/res/drawable/ic_tile_input.xml	PUBLISH	apps/Z9xProjector/res/drawable/ic_tile_input.xml	975		own app source
apps/Z9xProjector/res/drawable/ic_tile_keystone.xml	PUBLISH	apps/Z9xProjector/res/drawable/ic_tile_keystone.xml	997		own app source
apps/Z9xProjector/res/drawable/ic_tile_manual_keystone.xml	PUBLISH	apps/Z9xProjector/res/drawable/ic_tile_manual_keystone.xml	1130		own app source
apps/Z9xProjector/res/drawable/ic_tile_picture.xml	PUBLISH	apps/Z9xProjector/res/drawable/ic_tile_picture.xml	1327		own app source
apps/Z9xProjector/res/drawable/ic_tile_projection.xml	PUBLISH	apps/Z9xProjector/res/drawable/ic_tile_projection.xml	1320		own app source
apps/Z9xProjector/res/drawable/ic_tile_settings.xml	PUBLISH	apps/Z9xProjector/res/drawable/ic_tile_settings.xml	1208		own app source
apps/Z9xProjector/res/drawable/ic_tile_sound.xml	PUBLISH	apps/Z9xProjector/res/drawable/ic_tile_sound.xml	963		own app source
apps/Z9xProjector/res/drawable/notice_bg.xml	PUBLISH	apps/Z9xProjector/res/drawable/notice_bg.xml	281		own app source
apps/Z9xProjector/res/drawable/panel_bg.xml	PUBLISH	apps/Z9xProjector/res/drawable/panel_bg.xml	283		own app source
apps/Z9xProjector/res/drawable/row_bg.xml	PUBLISH	apps/Z9xProjector/res/drawable/row_bg.xml	588		own app source
apps/Z9xProjector/res/layout/activity_manual_focus.xml	PUBLISH	apps/Z9xProjector/res/layout/activity_manual_focus.xml	759		own app source
apps/Z9xProjector/res/values/colors.xml	PUBLISH	apps/Z9xProjector/res/values/colors.xml	408		own app source
apps/Z9xProjector/res/values/strings.xml	PUBLISH	apps/Z9xProjector/res/values/strings.xml	2976		own app source
apps/Z9xProjector/res/values/strings_ak.xml	PUBLISH	apps/Z9xProjector/res/values/strings_ak.xml	4317		own app source
apps/Z9xProjector/res/values/strings_cec.xml	PUBLISH	apps/Z9xProjector/res/values/strings_cec.xml	3048		own app source
apps/Z9xProjector/res/values/strings_dream.xml	PUBLISH	apps/Z9xProjector/res/values/strings_dream.xml	1913		own app source
apps/Z9xProjector/res/values/strings_game.xml	PUBLISH	apps/Z9xProjector/res/values/strings_game.xml	1824		own app source
apps/Z9xProjector/res/values/strings_home.xml	PUBLISH	apps/Z9xProjector/res/values/strings_home.xml	1061		own app source
apps/Z9xProjector/res/values/strings_kst.xml	PUBLISH	apps/Z9xProjector/res/values/strings_kst.xml	1890		own app source
apps/Z9xProjector/res/values/strings_panel.xml	PUBLISH	apps/Z9xProjector/res/values/strings_panel.xml	11979		own app source
apps/Z9xProjector/res/values/strings_power.xml	PUBLISH	apps/Z9xProjector/res/values/strings_power.xml	3505		own app source
apps/Z9xProjector/res/values/strings_recents.xml	PUBLISH	apps/Z9xProjector/res/values/strings_recents.xml	647		own app source
apps/Z9xProjector/res/values/strings_remote.xml	PUBLISH	apps/Z9xProjector/res/values/strings_remote.xml	1279		own app source
apps/Z9xProjector/res/values/strings_sound.xml	PUBLISH	apps/Z9xProjector/res/values/strings_sound.xml	2682		own app source
apps/Z9xProjector/res/values/strings_source.xml	PUBLISH	apps/Z9xProjector/res/values/strings_source.xml	1223		own app source
apps/Z9xProjector/res/values/strings_sys.xml	PUBLISH	apps/Z9xProjector/res/values/strings_sys.xml	294		own app source
apps/Z9xProjector/res/values/themes.xml	PUBLISH	apps/Z9xProjector/res/values/themes.xml	2137		own app source
apps/Z9xProjector/res/values-ar/strings.xml	PUBLISH	apps/Z9xProjector/res/values-ar/strings.xml	3513		own app source
apps/Z9xProjector/res/values-ar/strings_ak.xml	PUBLISH	apps/Z9xProjector/res/values-ar/strings_ak.xml	3571		own app source
apps/Z9xProjector/res/values-ar/strings_cec.xml	PUBLISH	apps/Z9xProjector/res/values-ar/strings_cec.xml	2758		own app source
apps/Z9xProjector/res/values-ar/strings_dream.xml	PUBLISH	apps/Z9xProjector/res/values-ar/strings_dream.xml	1474		own app source
apps/Z9xProjector/res/values-ar/strings_game.xml	PUBLISH	apps/Z9xProjector/res/values-ar/strings_game.xml	800		own app source
apps/Z9xProjector/res/values-ar/strings_home.xml	PUBLISH	apps/Z9xProjector/res/values-ar/strings_home.xml	1098		own app source
apps/Z9xProjector/res/values-ar/strings_kst.xml	PUBLISH	apps/Z9xProjector/res/values-ar/strings_kst.xml	2206		own app source
apps/Z9xProjector/res/values-ar/strings_panel.xml	PUBLISH	apps/Z9xProjector/res/values-ar/strings_panel.xml	13020		own app source
apps/Z9xProjector/res/values-ar/strings_power.xml	PUBLISH	apps/Z9xProjector/res/values-ar/strings_power.xml	2333		own app source
apps/Z9xProjector/res/values-ar/strings_recents.xml	PUBLISH	apps/Z9xProjector/res/values-ar/strings_recents.xml	573		own app source
apps/Z9xProjector/res/values-ar/strings_remote.xml	PUBLISH	apps/Z9xProjector/res/values-ar/strings_remote.xml	1202		own app source
apps/Z9xProjector/res/values-ar/strings_sound.xml	PUBLISH	apps/Z9xProjector/res/values-ar/strings_sound.xml	2351		own app source
apps/Z9xProjector/res/values-ar/strings_source.xml	PUBLISH	apps/Z9xProjector/res/values-ar/strings_source.xml	836		own app source
apps/Z9xProjector/res/values-be/strings.xml	PUBLISH	apps/Z9xProjector/res/values-be/strings.xml	3529		own app source
apps/Z9xProjector/res/values-be/strings_ak.xml	PUBLISH	apps/Z9xProjector/res/values-be/strings_ak.xml	3726		own app source
apps/Z9xProjector/res/values-be/strings_cec.xml	PUBLISH	apps/Z9xProjector/res/values-be/strings_cec.xml	2808		own app source
apps/Z9xProjector/res/values-be/strings_dream.xml	PUBLISH	apps/Z9xProjector/res/values-be/strings_dream.xml	1531		own app source
apps/Z9xProjector/res/values-be/strings_game.xml	PUBLISH	apps/Z9xProjector/res/values-be/strings_game.xml	823		own app source
apps/Z9xProjector/res/values-be/strings_home.xml	PUBLISH	apps/Z9xProjector/res/values-be/strings_home.xml	1157		own app source
apps/Z9xProjector/res/values-be/strings_kst.xml	PUBLISH	apps/Z9xProjector/res/values-be/strings_kst.xml	2270		own app source
apps/Z9xProjector/res/values-be/strings_panel.xml	PUBLISH	apps/Z9xProjector/res/values-be/strings_panel.xml	13493		own app source
apps/Z9xProjector/res/values-be/strings_power.xml	PUBLISH	apps/Z9xProjector/res/values-be/strings_power.xml	2586		own app source
apps/Z9xProjector/res/values-be/strings_recents.xml	PUBLISH	apps/Z9xProjector/res/values-be/strings_recents.xml	584		own app source
apps/Z9xProjector/res/values-be/strings_remote.xml	PUBLISH	apps/Z9xProjector/res/values-be/strings_remote.xml	1034		own app source
apps/Z9xProjector/res/values-be/strings_sound.xml	PUBLISH	apps/Z9xProjector/res/values-be/strings_sound.xml	2515		own app source
apps/Z9xProjector/res/values-be/strings_source.xml	PUBLISH	apps/Z9xProjector/res/values-be/strings_source.xml	883		own app source
apps/Z9xProjector/res/values-de/strings.xml	PUBLISH	apps/Z9xProjector/res/values-de/strings.xml	2972		own app source
apps/Z9xProjector/res/values-de/strings_ak.xml	PUBLISH	apps/Z9xProjector/res/values-de/strings_ak.xml	2927		own app source
apps/Z9xProjector/res/values-de/strings_cec.xml	PUBLISH	apps/Z9xProjector/res/values-de/strings_cec.xml	2389		own app source
apps/Z9xProjector/res/values-de/strings_dream.xml	PUBLISH	apps/Z9xProjector/res/values-de/strings_dream.xml	1298		own app source
apps/Z9xProjector/res/values-de/strings_game.xml	PUBLISH	apps/Z9xProjector/res/values-de/strings_game.xml	684		own app source
apps/Z9xProjector/res/values-de/strings_home.xml	PUBLISH	apps/Z9xProjector/res/values-de/strings_home.xml	997		own app source
apps/Z9xProjector/res/values-de/strings_kst.xml	PUBLISH	apps/Z9xProjector/res/values-de/strings_kst.xml	1941		own app source
apps/Z9xProjector/res/values-de/strings_panel.xml	PUBLISH	apps/Z9xProjector/res/values-de/strings_panel.xml	10792		own app source
apps/Z9xProjector/res/values-de/strings_power.xml	PUBLISH	apps/Z9xProjector/res/values-de/strings_power.xml	2143		own app source
apps/Z9xProjector/res/values-de/strings_recents.xml	PUBLISH	apps/Z9xProjector/res/values-de/strings_recents.xml	537		own app source
apps/Z9xProjector/res/values-de/strings_remote.xml	PUBLISH	apps/Z9xProjector/res/values-de/strings_remote.xml	938		own app source
apps/Z9xProjector/res/values-de/strings_sound.xml	PUBLISH	apps/Z9xProjector/res/values-de/strings_sound.xml	2124		own app source
apps/Z9xProjector/res/values-de/strings_source.xml	PUBLISH	apps/Z9xProjector/res/values-de/strings_source.xml	803		own app source
apps/Z9xProjector/res/values-es/strings.xml	PUBLISH	apps/Z9xProjector/res/values-es/strings.xml	3036		own app source
apps/Z9xProjector/res/values-es/strings_ak.xml	PUBLISH	apps/Z9xProjector/res/values-es/strings_ak.xml	3005		own app source
apps/Z9xProjector/res/values-es/strings_cec.xml	PUBLISH	apps/Z9xProjector/res/values-es/strings_cec.xml	2381		own app source
apps/Z9xProjector/res/values-es/strings_dream.xml	PUBLISH	apps/Z9xProjector/res/values-es/strings_dream.xml	1328		own app source
apps/Z9xProjector/res/values-es/strings_game.xml	PUBLISH	apps/Z9xProjector/res/values-es/strings_game.xml	689		own app source
apps/Z9xProjector/res/values-es/strings_home.xml	PUBLISH	apps/Z9xProjector/res/values-es/strings_home.xml	1002		own app source
apps/Z9xProjector/res/values-es/strings_kst.xml	PUBLISH	apps/Z9xProjector/res/values-es/strings_kst.xml	1906		own app source
apps/Z9xProjector/res/values-es/strings_panel.xml	PUBLISH	apps/Z9xProjector/res/values-es/strings_panel.xml	10966		own app source
apps/Z9xProjector/res/values-es/strings_power.xml	PUBLISH	apps/Z9xProjector/res/values-es/strings_power.xml	2076		own app source
apps/Z9xProjector/res/values-es/strings_recents.xml	PUBLISH	apps/Z9xProjector/res/values-es/strings_recents.xml	519		own app source
apps/Z9xProjector/res/values-es/strings_remote.xml	PUBLISH	apps/Z9xProjector/res/values-es/strings_remote.xml	902		own app source
apps/Z9xProjector/res/values-es/strings_sound.xml	PUBLISH	apps/Z9xProjector/res/values-es/strings_sound.xml	2054		own app source
apps/Z9xProjector/res/values-es/strings_source.xml	PUBLISH	apps/Z9xProjector/res/values-es/strings_source.xml	790		own app source
apps/Z9xProjector/res/values-fr/strings.xml	PUBLISH	apps/Z9xProjector/res/values-fr/strings.xml	3122		own app source
apps/Z9xProjector/res/values-fr/strings_ak.xml	PUBLISH	apps/Z9xProjector/res/values-fr/strings_ak.xml	2966		own app source
apps/Z9xProjector/res/values-fr/strings_cec.xml	PUBLISH	apps/Z9xProjector/res/values-fr/strings_cec.xml	2380		own app source
apps/Z9xProjector/res/values-fr/strings_dream.xml	PUBLISH	apps/Z9xProjector/res/values-fr/strings_dream.xml	1342		own app source
apps/Z9xProjector/res/values-fr/strings_game.xml	PUBLISH	apps/Z9xProjector/res/values-fr/strings_game.xml	685		own app source
apps/Z9xProjector/res/values-fr/strings_home.xml	PUBLISH	apps/Z9xProjector/res/values-fr/strings_home.xml	983		own app source
apps/Z9xProjector/res/values-fr/strings_kst.xml	PUBLISH	apps/Z9xProjector/res/values-fr/strings_kst.xml	1896		own app source
apps/Z9xProjector/res/values-fr/strings_panel.xml	PUBLISH	apps/Z9xProjector/res/values-fr/strings_panel.xml	11042		own app source
apps/Z9xProjector/res/values-fr/strings_power.xml	PUBLISH	apps/Z9xProjector/res/values-fr/strings_power.xml	2131		own app source
apps/Z9xProjector/res/values-fr/strings_recents.xml	PUBLISH	apps/Z9xProjector/res/values-fr/strings_recents.xml	537		own app source
apps/Z9xProjector/res/values-fr/strings_remote.xml	PUBLISH	apps/Z9xProjector/res/values-fr/strings_remote.xml	968		own app source
apps/Z9xProjector/res/values-fr/strings_sound.xml	PUBLISH	apps/Z9xProjector/res/values-fr/strings_sound.xml	2155		own app source
apps/Z9xProjector/res/values-fr/strings_source.xml	PUBLISH	apps/Z9xProjector/res/values-fr/strings_source.xml	793		own app source
apps/Z9xProjector/res/values-it/strings.xml	PUBLISH	apps/Z9xProjector/res/values-it/strings.xml	3019		own app source
apps/Z9xProjector/res/values-it/strings_ak.xml	PUBLISH	apps/Z9xProjector/res/values-it/strings_ak.xml	3003		own app source
apps/Z9xProjector/res/values-it/strings_cec.xml	PUBLISH	apps/Z9xProjector/res/values-it/strings_cec.xml	2343		own app source
apps/Z9xProjector/res/values-it/strings_dream.xml	PUBLISH	apps/Z9xProjector/res/values-it/strings_dream.xml	1289		own app source
apps/Z9xProjector/res/values-it/strings_game.xml	PUBLISH	apps/Z9xProjector/res/values-it/strings_game.xml	690		own app source
apps/Z9xProjector/res/values-it/strings_home.xml	PUBLISH	apps/Z9xProjector/res/values-it/strings_home.xml	996		own app source
apps/Z9xProjector/res/values-it/strings_kst.xml	PUBLISH	apps/Z9xProjector/res/values-it/strings_kst.xml	1907		own app source
apps/Z9xProjector/res/values-it/strings_panel.xml	PUBLISH	apps/Z9xProjector/res/values-it/strings_panel.xml	10956		own app source
apps/Z9xProjector/res/values-it/strings_power.xml	PUBLISH	apps/Z9xProjector/res/values-it/strings_power.xml	2078		own app source
apps/Z9xProjector/res/values-it/strings_recents.xml	PUBLISH	apps/Z9xProjector/res/values-it/strings_recents.xml	513		own app source
apps/Z9xProjector/res/values-it/strings_remote.xml	PUBLISH	apps/Z9xProjector/res/values-it/strings_remote.xml	917		own app source
apps/Z9xProjector/res/values-it/strings_sound.xml	PUBLISH	apps/Z9xProjector/res/values-it/strings_sound.xml	2078		own app source
apps/Z9xProjector/res/values-it/strings_source.xml	PUBLISH	apps/Z9xProjector/res/values-it/strings_source.xml	793		own app source
apps/Z9xProjector/res/values-ja/strings.xml	PUBLISH	apps/Z9xProjector/res/values-ja/strings.xml	3434		own app source
apps/Z9xProjector/res/values-ja/strings_ak.xml	PUBLISH	apps/Z9xProjector/res/values-ja/strings_ak.xml	3393		own app source
apps/Z9xProjector/res/values-ja/strings_cec.xml	PUBLISH	apps/Z9xProjector/res/values-ja/strings_cec.xml	2609		own app source
apps/Z9xProjector/res/values-ja/strings_dream.xml	PUBLISH	apps/Z9xProjector/res/values-ja/strings_dream.xml	1450		own app source
apps/Z9xProjector/res/values-ja/strings_game.xml	PUBLISH	apps/Z9xProjector/res/values-ja/strings_game.xml	705		own app source
apps/Z9xProjector/res/values-ja/strings_home.xml	PUBLISH	apps/Z9xProjector/res/values-ja/strings_home.xml	1053		own app source
apps/Z9xProjector/res/values-ja/strings_kst.xml	PUBLISH	apps/Z9xProjector/res/values-ja/strings_kst.xml	2026		own app source
apps/Z9xProjector/res/values-ja/strings_panel.xml	PUBLISH	apps/Z9xProjector/res/values-ja/strings_panel.xml	11439		own app source
apps/Z9xProjector/res/values-ja/strings_power.xml	PUBLISH	apps/Z9xProjector/res/values-ja/strings_power.xml	2288		own app source
apps/Z9xProjector/res/values-ja/strings_recents.xml	PUBLISH	apps/Z9xProjector/res/values-ja/strings_recents.xml	572		own app source
apps/Z9xProjector/res/values-ja/strings_remote.xml	PUBLISH	apps/Z9xProjector/res/values-ja/strings_remote.xml	1025		own app source
apps/Z9xProjector/res/values-ja/strings_sound.xml	PUBLISH	apps/Z9xProjector/res/values-ja/strings_sound.xml	2288		own app source
apps/Z9xProjector/res/values-ja/strings_source.xml	PUBLISH	apps/Z9xProjector/res/values-ja/strings_source.xml	795		own app source
apps/Z9xProjector/res/values-kk/strings.xml	PUBLISH	apps/Z9xProjector/res/values-kk/strings.xml	3627		own app source
apps/Z9xProjector/res/values-kk/strings_ak.xml	PUBLISH	apps/Z9xProjector/res/values-kk/strings_ak.xml	3839		own app source
apps/Z9xProjector/res/values-kk/strings_cec.xml	PUBLISH	apps/Z9xProjector/res/values-kk/strings_cec.xml	2869		own app source
apps/Z9xProjector/res/values-kk/strings_dream.xml	PUBLISH	apps/Z9xProjector/res/values-kk/strings_dream.xml	1597		own app source
apps/Z9xProjector/res/values-kk/strings_game.xml	PUBLISH	apps/Z9xProjector/res/values-kk/strings_game.xml	797		own app source
apps/Z9xProjector/res/values-kk/strings_home.xml	PUBLISH	apps/Z9xProjector/res/values-kk/strings_home.xml	1181		own app source
apps/Z9xProjector/res/values-kk/strings_kst.xml	PUBLISH	apps/Z9xProjector/res/values-kk/strings_kst.xml	2383		own app source
apps/Z9xProjector/res/values-kk/strings_panel.xml	PUBLISH	apps/Z9xProjector/res/values-kk/strings_panel.xml	13584		own app source
apps/Z9xProjector/res/values-kk/strings_power.xml	PUBLISH	apps/Z9xProjector/res/values-kk/strings_power.xml	2516		own app source
apps/Z9xProjector/res/values-kk/strings_recents.xml	PUBLISH	apps/Z9xProjector/res/values-kk/strings_recents.xml	576		own app source
apps/Z9xProjector/res/values-kk/strings_remote.xml	PUBLISH	apps/Z9xProjector/res/values-kk/strings_remote.xml	1040		own app source
apps/Z9xProjector/res/values-kk/strings_sound.xml	PUBLISH	apps/Z9xProjector/res/values-kk/strings_sound.xml	2580		own app source
apps/Z9xProjector/res/values-kk/strings_source.xml	PUBLISH	apps/Z9xProjector/res/values-kk/strings_source.xml	852		own app source
apps/Z9xProjector/res/values-ko/strings.xml	PUBLISH	apps/Z9xProjector/res/values-ko/strings.xml	3130		own app source
apps/Z9xProjector/res/values-ko/strings_ak.xml	PUBLISH	apps/Z9xProjector/res/values-ko/strings_ak.xml	3069		own app source
apps/Z9xProjector/res/values-ko/strings_cec.xml	PUBLISH	apps/Z9xProjector/res/values-ko/strings_cec.xml	2381		own app source
apps/Z9xProjector/res/values-ko/strings_dream.xml	PUBLISH	apps/Z9xProjector/res/values-ko/strings_dream.xml	1372		own app source
apps/Z9xProjector/res/values-ko/strings_game.xml	PUBLISH	apps/Z9xProjector/res/values-ko/strings_game.xml	689		own app source
apps/Z9xProjector/res/values-ko/strings_home.xml	PUBLISH	apps/Z9xProjector/res/values-ko/strings_home.xml	1005		own app source
apps/Z9xProjector/res/values-ko/strings_kst.xml	PUBLISH	apps/Z9xProjector/res/values-ko/strings_kst.xml	2021		own app source
apps/Z9xProjector/res/values-ko/strings_panel.xml	PUBLISH	apps/Z9xProjector/res/values-ko/strings_panel.xml	10928		own app source
apps/Z9xProjector/res/values-ko/strings_power.xml	PUBLISH	apps/Z9xProjector/res/values-ko/strings_power.xml	2169		own app source
apps/Z9xProjector/res/values-ko/strings_recents.xml	PUBLISH	apps/Z9xProjector/res/values-ko/strings_recents.xml	521		own app source
apps/Z9xProjector/res/values-ko/strings_remote.xml	PUBLISH	apps/Z9xProjector/res/values-ko/strings_remote.xml	952		own app source
apps/Z9xProjector/res/values-ko/strings_sound.xml	PUBLISH	apps/Z9xProjector/res/values-ko/strings_sound.xml	2203		own app source
apps/Z9xProjector/res/values-ko/strings_source.xml	PUBLISH	apps/Z9xProjector/res/values-ko/strings_source.xml	803		own app source
apps/Z9xProjector/res/values-pl/strings.xml	PUBLISH	apps/Z9xProjector/res/values-pl/strings.xml	3001		own app source
apps/Z9xProjector/res/values-pl/strings_ak.xml	PUBLISH	apps/Z9xProjector/res/values-pl/strings_ak.xml	2870		own app source
apps/Z9xProjector/res/values-pl/strings_cec.xml	PUBLISH	apps/Z9xProjector/res/values-pl/strings_cec.xml	2331		own app source
apps/Z9xProjector/res/values-pl/strings_dream.xml	PUBLISH	apps/Z9xProjector/res/values-pl/strings_dream.xml	1290		own app source
apps/Z9xProjector/res/values-pl/strings_game.xml	PUBLISH	apps/Z9xProjector/res/values-pl/strings_game.xml	673		own app source
apps/Z9xProjector/res/values-pl/strings_home.xml	PUBLISH	apps/Z9xProjector/res/values-pl/strings_home.xml	982		own app source
apps/Z9xProjector/res/values-pl/strings_kst.xml	PUBLISH	apps/Z9xProjector/res/values-pl/strings_kst.xml	1863		own app source
apps/Z9xProjector/res/values-pl/strings_panel.xml	PUBLISH	apps/Z9xProjector/res/values-pl/strings_panel.xml	10934		own app source
apps/Z9xProjector/res/values-pl/strings_power.xml	PUBLISH	apps/Z9xProjector/res/values-pl/strings_power.xml	2092		own app source
apps/Z9xProjector/res/values-pl/strings_recents.xml	PUBLISH	apps/Z9xProjector/res/values-pl/strings_recents.xml	533		own app source
apps/Z9xProjector/res/values-pl/strings_remote.xml	PUBLISH	apps/Z9xProjector/res/values-pl/strings_remote.xml	882		own app source
apps/Z9xProjector/res/values-pl/strings_sound.xml	PUBLISH	apps/Z9xProjector/res/values-pl/strings_sound.xml	2066		own app source
apps/Z9xProjector/res/values-pl/strings_source.xml	PUBLISH	apps/Z9xProjector/res/values-pl/strings_source.xml	796		own app source
apps/Z9xProjector/res/values-pt/strings.xml	PUBLISH	apps/Z9xProjector/res/values-pt/strings.xml	3039		own app source
apps/Z9xProjector/res/values-pt/strings_ak.xml	PUBLISH	apps/Z9xProjector/res/values-pt/strings_ak.xml	2942		own app source
apps/Z9xProjector/res/values-pt/strings_cec.xml	PUBLISH	apps/Z9xProjector/res/values-pt/strings_cec.xml	2390		own app source
apps/Z9xProjector/res/values-pt/strings_dream.xml	PUBLISH	apps/Z9xProjector/res/values-pt/strings_dream.xml	1388		own app source
apps/Z9xProjector/res/values-pt/strings_game.xml	PUBLISH	apps/Z9xProjector/res/values-pt/strings_game.xml	694		own app source
apps/Z9xProjector/res/values-pt/strings_home.xml	PUBLISH	apps/Z9xProjector/res/values-pt/strings_home.xml	1038		own app source
apps/Z9xProjector/res/values-pt/strings_kst.xml	PUBLISH	apps/Z9xProjector/res/values-pt/strings_kst.xml	1920		own app source
apps/Z9xProjector/res/values-pt/strings_panel.xml	PUBLISH	apps/Z9xProjector/res/values-pt/strings_panel.xml	10904		own app source
apps/Z9xProjector/res/values-pt/strings_power.xml	PUBLISH	apps/Z9xProjector/res/values-pt/strings_power.xml	2085		own app source
apps/Z9xProjector/res/values-pt/strings_recents.xml	PUBLISH	apps/Z9xProjector/res/values-pt/strings_recents.xml	570		own app source
apps/Z9xProjector/res/values-pt/strings_remote.xml	PUBLISH	apps/Z9xProjector/res/values-pt/strings_remote.xml	1015		own app source
apps/Z9xProjector/res/values-pt/strings_sound.xml	PUBLISH	apps/Z9xProjector/res/values-pt/strings_sound.xml	2126		own app source
apps/Z9xProjector/res/values-pt/strings_source.xml	PUBLISH	apps/Z9xProjector/res/values-pt/strings_source.xml	844		own app source
apps/Z9xProjector/res/values-pt-rBR/strings.xml	PUBLISH	apps/Z9xProjector/res/values-pt-rBR/strings.xml	3039		own app source
apps/Z9xProjector/res/values-pt-rBR/strings_ak.xml	PUBLISH	apps/Z9xProjector/res/values-pt-rBR/strings_ak.xml	2942		own app source
apps/Z9xProjector/res/values-pt-rBR/strings_cec.xml	PUBLISH	apps/Z9xProjector/res/values-pt-rBR/strings_cec.xml	2390		own app source
apps/Z9xProjector/res/values-pt-rBR/strings_dream.xml	PUBLISH	apps/Z9xProjector/res/values-pt-rBR/strings_dream.xml	1388		own app source
apps/Z9xProjector/res/values-pt-rBR/strings_game.xml	PUBLISH	apps/Z9xProjector/res/values-pt-rBR/strings_game.xml	706		own app source
apps/Z9xProjector/res/values-pt-rBR/strings_home.xml	PUBLISH	apps/Z9xProjector/res/values-pt-rBR/strings_home.xml	1038		own app source
apps/Z9xProjector/res/values-pt-rBR/strings_kst.xml	PUBLISH	apps/Z9xProjector/res/values-pt-rBR/strings_kst.xml	1920		own app source
apps/Z9xProjector/res/values-pt-rBR/strings_panel.xml	PUBLISH	apps/Z9xProjector/res/values-pt-rBR/strings_panel.xml	10904		own app source
apps/Z9xProjector/res/values-pt-rBR/strings_power.xml	PUBLISH	apps/Z9xProjector/res/values-pt-rBR/strings_power.xml	2085		own app source
apps/Z9xProjector/res/values-pt-rBR/strings_recents.xml	PUBLISH	apps/Z9xProjector/res/values-pt-rBR/strings_recents.xml	570		own app source
apps/Z9xProjector/res/values-pt-rBR/strings_remote.xml	PUBLISH	apps/Z9xProjector/res/values-pt-rBR/strings_remote.xml	1015		own app source
apps/Z9xProjector/res/values-pt-rBR/strings_sound.xml	PUBLISH	apps/Z9xProjector/res/values-pt-rBR/strings_sound.xml	2126		own app source
apps/Z9xProjector/res/values-pt-rBR/strings_source.xml	PUBLISH	apps/Z9xProjector/res/values-pt-rBR/strings_source.xml	844		own app source
apps/Z9xProjector/res/values-ru/strings.xml	PUBLISH	apps/Z9xProjector/res/values-ru/strings.xml	3430		own app source
apps/Z9xProjector/res/values-ru/strings_ak.xml	PUBLISH	apps/Z9xProjector/res/values-ru/strings_ak.xml	3784		own app source
apps/Z9xProjector/res/values-ru/strings_cec.xml	PUBLISH	apps/Z9xProjector/res/values-ru/strings_cec.xml	2916		own app source
apps/Z9xProjector/res/values-ru/strings_dream.xml	PUBLISH	apps/Z9xProjector/res/values-ru/strings_dream.xml	1532		own app source
apps/Z9xProjector/res/values-ru/strings_game.xml	PUBLISH	apps/Z9xProjector/res/values-ru/strings_game.xml	803		own app source
apps/Z9xProjector/res/values-ru/strings_home.xml	PUBLISH	apps/Z9xProjector/res/values-ru/strings_home.xml	1186		own app source
apps/Z9xProjector/res/values-ru/strings_kst.xml	PUBLISH	apps/Z9xProjector/res/values-ru/strings_kst.xml	2297		own app source
apps/Z9xProjector/res/values-ru/strings_panel.xml	PUBLISH	apps/Z9xProjector/res/values-ru/strings_panel.xml	13650		own app source
apps/Z9xProjector/res/values-ru/strings_power.xml	PUBLISH	apps/Z9xProjector/res/values-ru/strings_power.xml	2624		own app source
apps/Z9xProjector/res/values-ru/strings_recents.xml	PUBLISH	apps/Z9xProjector/res/values-ru/strings_recents.xml	591		own app source
apps/Z9xProjector/res/values-ru/strings_remote.xml	PUBLISH	apps/Z9xProjector/res/values-ru/strings_remote.xml	847		own app source
apps/Z9xProjector/res/values-ru/strings_sound.xml	PUBLISH	apps/Z9xProjector/res/values-ru/strings_sound.xml	2578		own app source
apps/Z9xProjector/res/values-ru/strings_source.xml	PUBLISH	apps/Z9xProjector/res/values-ru/strings_source.xml	775		own app source
apps/Z9xProjector/res/values-tr/strings.xml	PUBLISH	apps/Z9xProjector/res/values-tr/strings.xml	2975		own app source
apps/Z9xProjector/res/values-tr/strings_ak.xml	PUBLISH	apps/Z9xProjector/res/values-tr/strings_ak.xml	2878		own app source
apps/Z9xProjector/res/values-tr/strings_cec.xml	PUBLISH	apps/Z9xProjector/res/values-tr/strings_cec.xml	2294		own app source
apps/Z9xProjector/res/values-tr/strings_dream.xml	PUBLISH	apps/Z9xProjector/res/values-tr/strings_dream.xml	1345		own app source
apps/Z9xProjector/res/values-tr/strings_game.xml	PUBLISH	apps/Z9xProjector/res/values-tr/strings_game.xml	674		own app source
apps/Z9xProjector/res/values-tr/strings_home.xml	PUBLISH	apps/Z9xProjector/res/values-tr/strings_home.xml	946		own app source
apps/Z9xProjector/res/values-tr/strings_kst.xml	PUBLISH	apps/Z9xProjector/res/values-tr/strings_kst.xml	1830		own app source
apps/Z9xProjector/res/values-tr/strings_panel.xml	PUBLISH	apps/Z9xProjector/res/values-tr/strings_panel.xml	10665		own app source
apps/Z9xProjector/res/values-tr/strings_power.xml	PUBLISH	apps/Z9xProjector/res/values-tr/strings_power.xml	2059		own app source
apps/Z9xProjector/res/values-tr/strings_recents.xml	PUBLISH	apps/Z9xProjector/res/values-tr/strings_recents.xml	523		own app source
apps/Z9xProjector/res/values-tr/strings_remote.xml	PUBLISH	apps/Z9xProjector/res/values-tr/strings_remote.xml	881		own app source
apps/Z9xProjector/res/values-tr/strings_sound.xml	PUBLISH	apps/Z9xProjector/res/values-tr/strings_sound.xml	2006		own app source
apps/Z9xProjector/res/values-tr/strings_source.xml	PUBLISH	apps/Z9xProjector/res/values-tr/strings_source.xml	779		own app source
apps/Z9xProjector/res/values-uk/strings.xml	PUBLISH	apps/Z9xProjector/res/values-uk/strings.xml	3570		own app source
apps/Z9xProjector/res/values-uk/strings_ak.xml	PUBLISH	apps/Z9xProjector/res/values-uk/strings_ak.xml	3728		own app source
apps/Z9xProjector/res/values-uk/strings_cec.xml	PUBLISH	apps/Z9xProjector/res/values-uk/strings_cec.xml	2866		own app source
apps/Z9xProjector/res/values-uk/strings_dream.xml	PUBLISH	apps/Z9xProjector/res/values-uk/strings_dream.xml	1546		own app source
apps/Z9xProjector/res/values-uk/strings_game.xml	PUBLISH	apps/Z9xProjector/res/values-uk/strings_game.xml	815		own app source
apps/Z9xProjector/res/values-uk/strings_home.xml	PUBLISH	apps/Z9xProjector/res/values-uk/strings_home.xml	1164		own app source
apps/Z9xProjector/res/values-uk/strings_kst.xml	PUBLISH	apps/Z9xProjector/res/values-uk/strings_kst.xml	2337		own app source
apps/Z9xProjector/res/values-uk/strings_panel.xml	PUBLISH	apps/Z9xProjector/res/values-uk/strings_panel.xml	13601		own app source
apps/Z9xProjector/res/values-uk/strings_power.xml	PUBLISH	apps/Z9xProjector/res/values-uk/strings_power.xml	2537		own app source
apps/Z9xProjector/res/values-uk/strings_recents.xml	PUBLISH	apps/Z9xProjector/res/values-uk/strings_recents.xml	589		own app source
apps/Z9xProjector/res/values-uk/strings_remote.xml	PUBLISH	apps/Z9xProjector/res/values-uk/strings_remote.xml	1020		own app source
apps/Z9xProjector/res/values-uk/strings_sound.xml	PUBLISH	apps/Z9xProjector/res/values-uk/strings_sound.xml	2576		own app source
apps/Z9xProjector/res/values-uk/strings_source.xml	PUBLISH	apps/Z9xProjector/res/values-uk/strings_source.xml	888		own app source
apps/Z9xProjector/res/values-zh-rCN/strings.xml	PUBLISH	apps/Z9xProjector/res/values-zh-rCN/strings.xml	2839		own app source
apps/Z9xProjector/res/values-zh-rCN/strings_ak.xml	PUBLISH	apps/Z9xProjector/res/values-zh-rCN/strings_ak.xml	2483		own app source
apps/Z9xProjector/res/values-zh-rCN/strings_cec.xml	PUBLISH	apps/Z9xProjector/res/values-zh-rCN/strings_cec.xml	2194		own app source
apps/Z9xProjector/res/values-zh-rCN/strings_dream.xml	PUBLISH	apps/Z9xProjector/res/values-zh-rCN/strings_dream.xml	1256		own app source
apps/Z9xProjector/res/values-zh-rCN/strings_game.xml	PUBLISH	apps/Z9xProjector/res/values-zh-rCN/strings_game.xml	660		own app source
apps/Z9xProjector/res/values-zh-rCN/strings_home.xml	PUBLISH	apps/Z9xProjector/res/values-zh-rCN/strings_home.xml	893		own app source
apps/Z9xProjector/res/values-zh-rCN/strings_kst.xml	PUBLISH	apps/Z9xProjector/res/values-zh-rCN/strings_kst.xml	1677		own app source
apps/Z9xProjector/res/values-zh-rCN/strings_panel.xml	PUBLISH	apps/Z9xProjector/res/values-zh-rCN/strings_panel.xml	9927		own app source
apps/Z9xProjector/res/values-zh-rCN/strings_power.xml	PUBLISH	apps/Z9xProjector/res/values-zh-rCN/strings_power.xml	1969		own app source
apps/Z9xProjector/res/values-zh-rCN/strings_recents.xml	PUBLISH	apps/Z9xProjector/res/values-zh-rCN/strings_recents.xml	540		own app source
apps/Z9xProjector/res/values-zh-rCN/strings_remote.xml	PUBLISH	apps/Z9xProjector/res/values-zh-rCN/strings_remote.xml	885		own app source
apps/Z9xProjector/res/values-zh-rCN/strings_sound.xml	PUBLISH	apps/Z9xProjector/res/values-zh-rCN/strings_sound.xml	1928		own app source
apps/Z9xProjector/res/values-zh-rCN/strings_source.xml	PUBLISH	apps/Z9xProjector/res/values-zh-rCN/strings_source.xml	781		own app source
apps/Z9xProjector/res/values-zh-rTW/strings.xml	PUBLISH	apps/Z9xProjector/res/values-zh-rTW/strings.xml	2888		own app source
apps/Z9xProjector/res/values-zh-rTW/strings_ak.xml	PUBLISH	apps/Z9xProjector/res/values-zh-rTW/strings_ak.xml	2508		own app source
apps/Z9xProjector/res/values-zh-rTW/strings_cec.xml	PUBLISH	apps/Z9xProjector/res/values-zh-rTW/strings_cec.xml	2213		own app source
apps/Z9xProjector/res/values-zh-rTW/strings_dream.xml	PUBLISH	apps/Z9xProjector/res/values-zh-rTW/strings_dream.xml	1287		own app source
apps/Z9xProjector/res/values-zh-rTW/strings_game.xml	PUBLISH	apps/Z9xProjector/res/values-zh-rTW/strings_game.xml	669		own app source
apps/Z9xProjector/res/values-zh-rTW/strings_home.xml	PUBLISH	apps/Z9xProjector/res/values-zh-rTW/strings_home.xml	906		own app source
apps/Z9xProjector/res/values-zh-rTW/strings_kst.xml	PUBLISH	apps/Z9xProjector/res/values-zh-rTW/strings_kst.xml	1699		own app source
apps/Z9xProjector/res/values-zh-rTW/strings_panel.xml	PUBLISH	apps/Z9xProjector/res/values-zh-rTW/strings_panel.xml	10022		own app source
apps/Z9xProjector/res/values-zh-rTW/strings_power.xml	PUBLISH	apps/Z9xProjector/res/values-zh-rTW/strings_power.xml	1991		own app source
apps/Z9xProjector/res/values-zh-rTW/strings_recents.xml	PUBLISH	apps/Z9xProjector/res/values-zh-rTW/strings_recents.xml	562		own app source
apps/Z9xProjector/res/values-zh-rTW/strings_remote.xml	PUBLISH	apps/Z9xProjector/res/values-zh-rTW/strings_remote.xml	898		own app source
apps/Z9xProjector/res/values-zh-rTW/strings_sound.xml	PUBLISH	apps/Z9xProjector/res/values-zh-rTW/strings_sound.xml	1932		own app source
apps/Z9xProjector/res/values-zh-rTW/strings_source.xml	PUBLISH	apps/Z9xProjector/res/values-zh-rTW/strings_source.xml	797		own app source
apps/Z9xProjector/res/xml/dream_clock.xml	PUBLISH	apps/Z9xProjector/res/xml/dream_clock.xml	520		own app source
apps/Z9xProjector/src/org/z9x/projector/App.java	PUBLISH	apps/Z9xProjector/src/org/z9x/projector/App.java	9701		own app source
apps/Z9xProjector/src/org/z9x/projector/AppSlots.java	PUBLISH	apps/Z9xProjector/src/org/z9x/projector/AppSlots.java	5123		own app source
apps/Z9xProjector/src/org/z9x/projector/BootReceiver.java	PUBLISH	apps/Z9xProjector/src/org/z9x/projector/BootReceiver.java	3125		own app source
apps/Z9xProjector/src/org/z9x/projector/Hal.java	PUBLISH	apps/Z9xProjector/src/org/z9x/projector/Hal.java	13016		own app source
apps/Z9xProjector/src/org/z9x/projector/HalController.java	PUBLISH	apps/Z9xProjector/src/org/z9x/projector/HalController.java	35926		own app source
apps/Z9xProjector/src/org/z9x/projector/KeyReceiver.java	PUBLISH	apps/Z9xProjector/src/org/z9x/projector/KeyReceiver.java	13652		own app source
apps/Z9xProjector/src/org/z9x/projector/ManualFocusActivity.java	PUBLISH	apps/Z9xProjector/src/org/z9x/projector/ManualFocusActivity.java	5581		own app source
apps/Z9xProjector/src/org/z9x/projector/MotorController.java	PUBLISH	apps/Z9xProjector/src/org/z9x/projector/MotorController.java	9879		own app source
apps/Z9xProjector/src/org/z9x/projector/SafeHandler.java	PUBLISH	apps/Z9xProjector/src/org/z9x/projector/SafeHandler.java	1352		own app source
apps/Z9xProjector/src/org/z9x/projector/SettingsActivity.java	PUBLISH	apps/Z9xProjector/src/org/z9x/projector/SettingsActivity.java	14680		own app source
apps/Z9xProjector/src/org/z9x/projector/Ui.java	PUBLISH	apps/Z9xProjector/src/org/z9x/projector/Ui.java	2591		own app source
apps/Z9xProjector/src/org/z9x/projector/Z9xKeys.java	PUBLISH	apps/Z9xProjector/src/org/z9x/projector/Z9xKeys.java	2836		own app source
apps/Z9xProjector/src/org/z9x/projector/ak/AkNotices.java	PUBLISH	apps/Z9xProjector/src/org/z9x/projector/ak/AkNotices.java	6396		own app source
apps/Z9xProjector/src/org/z9x/projector/ak/AkOverlay.java	PUBLISH	apps/Z9xProjector/src/org/z9x/projector/ak/AkOverlay.java	28693		own app source
apps/Z9xProjector/src/org/z9x/projector/ak/AkPatternRenderer.java	PUBLISH	apps/Z9xProjector/src/org/z9x/projector/ak/AkPatternRenderer.java	5641		own app source
apps/Z9xProjector/src/org/z9x/projector/ak/AkPatternSpec.java	PUBLISH	apps/Z9xProjector/src/org/z9x/projector/ak/AkPatternSpec.java	13541		own app source
apps/Z9xProjector/src/org/z9x/projector/ak/AkWarpView.java	PUBLISH	apps/Z9xProjector/src/org/z9x/projector/ak/AkWarpView.java	10276		own app source
apps/Z9xProjector/src/org/z9x/projector/audio/AiSoundEngine.java	PUBLISH	apps/Z9xProjector/src/org/z9x/projector/audio/AiSoundEngine.java	35666		own app source
apps/Z9xProjector/src/org/z9x/projector/audio/AudioPathReporter.java	PUBLISH	apps/Z9xProjector/src/org/z9x/projector/audio/AudioPathReporter.java	21107		own app source
apps/Z9xProjector/src/org/z9x/projector/audio/EqCurve.java	PUBLISH	apps/Z9xProjector/src/org/z9x/projector/audio/EqCurve.java	7274		own app source
apps/Z9xProjector/src/org/z9x/projector/audio/SoundEq.java	PUBLISH	apps/Z9xProjector/src/org/z9x/projector/audio/SoundEq.java	17311		own app source
apps/Z9xProjector/src/org/z9x/projector/audio/VendorSoundWatch.java	PUBLISH	apps/Z9xProjector/src/org/z9x/projector/audio/VendorSoundWatch.java	10996		own app source
apps/Z9xProjector/src/org/z9x/projector/audio/Z9xAudioFixer.java	PUBLISH	apps/Z9xProjector/src/org/z9x/projector/audio/Z9xAudioFixer.java	9788		own app source
apps/Z9xProjector/src/org/z9x/projector/cec/CecDevices.java	PUBLISH	apps/Z9xProjector/src/org/z9x/projector/cec/CecDevices.java	4959		own app source
apps/Z9xProjector/src/org/z9x/projector/cec/CecPage.java	PUBLISH	apps/Z9xProjector/src/org/z9x/projector/cec/CecPage.java	12881		own app source
apps/Z9xProjector/src/org/z9x/projector/cec/CecPolicy.java	PUBLISH	apps/Z9xProjector/src/org/z9x/projector/cec/CecPolicy.java	39263		own app source
apps/Z9xProjector/src/org/z9x/projector/cec/CecSettings.java	PUBLISH	apps/Z9xProjector/src/org/z9x/projector/cec/CecSettings.java	13291		own app source
apps/Z9xProjector/src/org/z9x/projector/dream/ClockDream.java	PUBLISH	apps/Z9xProjector/src/org/z9x/projector/dream/ClockDream.java	7434		own app source
apps/Z9xProjector/src/org/z9x/projector/dream/ClockView.java	PUBLISH	apps/Z9xProjector/src/org/z9x/projector/dream/ClockView.java	12031		own app source
apps/Z9xProjector/src/org/z9x/projector/dream/DreamLamp.java	PUBLISH	apps/Z9xProjector/src/org/z9x/projector/dream/DreamLamp.java	22123		own app source
apps/Z9xProjector/src/org/z9x/projector/dream/DreamPanelRows.java	PUBLISH	apps/Z9xProjector/src/org/z9x/projector/dream/DreamPanelRows.java	5794		own app source
apps/Z9xProjector/src/org/z9x/projector/dream/DreamSettings.java	PUBLISH	apps/Z9xProjector/src/org/z9x/projector/dream/DreamSettings.java	14535		own app source
apps/Z9xProjector/src/org/z9x/projector/dream/IdleOwner.java	PUBLISH	apps/Z9xProjector/src/org/z9x/projector/dream/IdleOwner.java	19780		own app source
apps/Z9xProjector/src/org/z9x/projector/dream/StandbyIdleDream.java	PUBLISH	apps/Z9xProjector/src/org/z9x/projector/dream/StandbyIdleDream.java	2859		own app source
apps/Z9xProjector/src/org/z9x/projector/eye/EyeGuard.java	PUBLISH	apps/Z9xProjector/src/org/z9x/projector/eye/EyeGuard.java	27288		own app source
apps/Z9xProjector/src/org/z9x/projector/game/ConsoleMatcher.java	PUBLISH	apps/Z9xProjector/src/org/z9x/projector/game/ConsoleMatcher.java	5235		own app source
apps/Z9xProjector/src/org/z9x/projector/game/GamePanelRows.java	PUBLISH	apps/Z9xProjector/src/org/z9x/projector/game/GamePanelRows.java	2911		own app source
apps/Z9xProjector/src/org/z9x/projector/game/GameProfile.java	PUBLISH	apps/Z9xProjector/src/org/z9x/projector/game/GameProfile.java	77578		own app source
apps/Z9xProjector/src/org/z9x/projector/game/HdmiEventReceiver.java	PUBLISH	apps/Z9xProjector/src/org/z9x/projector/game/HdmiEventReceiver.java	1731		own app source
apps/Z9xProjector/src/org/z9x/projector/game/PlayCueView.java	PUBLISH	apps/Z9xProjector/src/org/z9x/projector/game/PlayCueView.java	13958		own app source
apps/Z9xProjector/src/org/z9x/projector/hal/Gmpf2Client.java	PUBLISH	apps/Z9xProjector/src/org/z9x/projector/hal/Gmpf2Client.java	18272		own app source
apps/Z9xProjector/src/org/z9x/projector/hal/GmpfClient.java	PUBLISH	apps/Z9xProjector/src/org/z9x/projector/hal/GmpfClient.java	66865		own app source
apps/Z9xProjector/src/org/z9x/projector/hal/HidlCaller.java	PUBLISH	apps/Z9xProjector/src/org/z9x/projector/hal/HidlCaller.java	8430		own app source
apps/Z9xProjector/src/org/z9x/projector/hal/KstPoint.java	PUBLISH_SCRUB	apps/Z9xProjector/src/org/z9x/projector/hal/KstPoint.java	6746	PERSONAL	own app source; personal identifier found
apps/Z9xProjector/src/org/z9x/projector/home/HomeSearch.java	PUBLISH	apps/Z9xProjector/src/org/z9x/projector/home/HomeSearch.java	4735		own app source
apps/Z9xProjector/src/org/z9x/projector/home/LauncherRequestReceiver.java	PUBLISH	apps/Z9xProjector/src/org/z9x/projector/home/LauncherRequestReceiver.java	1529		own app source
apps/Z9xProjector/src/org/z9x/projector/home/LauncherSwitcher.java	PUBLISH	apps/Z9xProjector/src/org/z9x/projector/home/LauncherSwitcher.java	21255		own app source
apps/Z9xProjector/src/org/z9x/projector/home/PanelRequestReceiver.java	PUBLISH	apps/Z9xProjector/src/org/z9x/projector/home/PanelRequestReceiver.java	3158		own app source
apps/Z9xProjector/src/org/z9x/projector/mem/MemoryGuard.java	PUBLISH	apps/Z9xProjector/src/org/z9x/projector/mem/MemoryGuard.java	11740		own app source
apps/Z9xProjector/src/org/z9x/projector/mem/ProtectedSet.java	PUBLISH	apps/Z9xProjector/src/org/z9x/projector/mem/ProtectedSet.java	5379		own app source
apps/Z9xProjector/src/org/z9x/projector/panel/ManualKeystonePanel.java	PUBLISH	apps/Z9xProjector/src/org/z9x/projector/panel/ManualKeystonePanel.java	55674		own app source
apps/Z9xProjector/src/org/z9x/projector/panel/QuickPanel.java	PUBLISH	apps/Z9xProjector/src/org/z9x/projector/panel/QuickPanel.java	9394		own app source
apps/Z9xProjector/src/org/z9x/projector/panel/QuickPanelController.java	PUBLISH	apps/Z9xProjector/src/org/z9x/projector/panel/QuickPanelController.java	81267		own app source
apps/Z9xProjector/src/org/z9x/projector/panel/Snapshot.java	PUBLISH	apps/Z9xProjector/src/org/z9x/projector/panel/Snapshot.java	5944		own app source
apps/Z9xProjector/src/org/z9x/projector/panel/SoundProfiles.java	PUBLISH	apps/Z9xProjector/src/org/z9x/projector/panel/SoundProfiles.java	11471		own app source
apps/Z9xProjector/src/org/z9x/projector/panel/Tile.java	PUBLISH	apps/Z9xProjector/src/org/z9x/projector/panel/Tile.java	14956		own app source
apps/Z9xProjector/src/org/z9x/projector/panel/TileGrid.java	PUBLISH	apps/Z9xProjector/src/org/z9x/projector/panel/TileGrid.java	6311		own app source
apps/Z9xProjector/src/org/z9x/projector/power/LampControl.java	PUBLISH	apps/Z9xProjector/src/org/z9x/projector/power/LampControl.java	17969		own app source
apps/Z9xProjector/src/org/z9x/projector/power/OtaStateReceiver.java	PUBLISH	apps/Z9xProjector/src/org/z9x/projector/power/OtaStateReceiver.java	3320		own app source
apps/Z9xProjector/src/org/z9x/projector/power/PowerKey.java	PUBLISH	apps/Z9xProjector/src/org/z9x/projector/power/PowerKey.java	18738		own app source
apps/Z9xProjector/src/org/z9x/projector/power/PowerMenu.java	PUBLISH	apps/Z9xProjector/src/org/z9x/projector/power/PowerMenu.java	25148		own app source
apps/Z9xProjector/src/org/z9x/projector/power/PowerPolicy.java	PUBLISH	apps/Z9xProjector/src/org/z9x/projector/power/PowerPolicy.java	16882		own app source
apps/Z9xProjector/src/org/z9x/projector/power/PowerUi.java	PUBLISH	apps/Z9xProjector/src/org/z9x/projector/power/PowerUi.java	11716		own app source
apps/Z9xProjector/src/org/z9x/projector/power/SleepTimer.java	PUBLISH	apps/Z9xProjector/src/org/z9x/projector/power/SleepTimer.java	20094		own app source
apps/Z9xProjector/src/org/z9x/projector/power/StandbyActivity.java	PUBLISH	apps/Z9xProjector/src/org/z9x/projector/power/StandbyActivity.java	5520		own app source
apps/Z9xProjector/src/org/z9x/projector/power/StandbyController.java	PUBLISH	apps/Z9xProjector/src/org/z9x/projector/power/StandbyController.java	95456		own app source
apps/Z9xProjector/src/org/z9x/projector/power/StandbyStateProvider.java	PUBLISH	apps/Z9xProjector/src/org/z9x/projector/power/StandbyStateProvider.java	3283		own app source
apps/Z9xProjector/src/org/z9x/projector/power/StrGate.java	PUBLISH	apps/Z9xProjector/src/org/z9x/projector/power/StrGate.java	9470		own app source
apps/Z9xProjector/src/org/z9x/projector/power/TimerLamp.java	PUBLISH	apps/Z9xProjector/src/org/z9x/projector/power/TimerLamp.java	11307		own app source
apps/Z9xProjector/src/org/z9x/projector/power/WakeCurtain.java	PUBLISH	apps/Z9xProjector/src/org/z9x/projector/power/WakeCurtain.java	15054		own app source
apps/Z9xProjector/src/org/z9x/projector/recents/RecentsActivity.java	PUBLISH	apps/Z9xProjector/src/org/z9x/projector/recents/RecentsActivity.java	11022		own app source
apps/Z9xProjector/src/org/z9x/projector/recents/RecentsModel.java	PUBLISH	apps/Z9xProjector/src/org/z9x/projector/recents/RecentsModel.java	9986		own app source
apps/Z9xProjector/src/org/z9x/projector/recents/RecentsView.java	PUBLISH	apps/Z9xProjector/src/org/z9x/projector/recents/RecentsView.java	20015		own app source
apps/Z9xProjector/src/org/z9x/projector/remote/RemoteAutoPair.java	PUBLISH	apps/Z9xProjector/src/org/z9x/projector/remote/RemoteAutoPair.java	45623		own app source
apps/Z9xProjector/src/org/z9x/projector/setup/SetupBridgeProvider.java	PUBLISH	apps/Z9xProjector/src/org/z9x/projector/setup/SetupBridgeProvider.java	15377		own app source
apps/Z9xProjector/src/org/z9x/projector/setup/SetupEvents.java	PUBLISH	apps/Z9xProjector/src/org/z9x/projector/setup/SetupEvents.java	3365		own app source
apps/Z9xProjector/src/org/z9x/projector/source/SourceOverlay.java	PUBLISH	apps/Z9xProjector/src/org/z9x/projector/source/SourceOverlay.java	21243		own app source
apps/Z9xProjector/src/org/z9x/projector/source/SourceRequestReceiver.java	PUBLISH	apps/Z9xProjector/src/org/z9x/projector/source/SourceRequestReceiver.java	1582		own app source
apps/Z9xProjector/src/org/z9x/projector/source/SourceRow.java	PUBLISH	apps/Z9xProjector/src/org/z9x/projector/source/SourceRow.java	3327		own app source
apps/Z9xProjector/src/org/z9x/projector/source/TifHdmiState.java	PUBLISH	apps/Z9xProjector/src/org/z9x/projector/source/TifHdmiState.java	2227		own app source
apps/Z9xProjector/src/org/z9x/projector/sys/SystemFixes.java	PUBLISH	apps/Z9xProjector/src/org/z9x/projector/sys/SystemFixes.java	6331		own app source
apps/Z9xProjector/src/org/z9x/projector/ui/CheckRow.java	PUBLISH	apps/Z9xProjector/src/org/z9x/projector/ui/CheckRow.java	1588		own app source
apps/Z9xProjector/src/org/z9x/projector/ui/ChoiceRow.java	PUBLISH	apps/Z9xProjector/src/org/z9x/projector/ui/ChoiceRow.java	4339		own app source
apps/Z9xProjector/src/org/z9x/projector/ui/DialogPanel.java	PUBLISH	apps/Z9xProjector/src/org/z9x/projector/ui/DialogPanel.java	4896		own app source
apps/Z9xProjector/src/org/z9x/projector/ui/EqBandsRow.java	PUBLISH	apps/Z9xProjector/src/org/z9x/projector/ui/EqBandsRow.java	10055		own app source
apps/Z9xProjector/src/org/z9x/projector/ui/HeaderRow.java	PUBLISH	apps/Z9xProjector/src/org/z9x/projector/ui/HeaderRow.java	1439		own app source
apps/Z9xProjector/src/org/z9x/projector/ui/NavRow.java	PUBLISH	apps/Z9xProjector/src/org/z9x/projector/ui/NavRow.java	2017		own app source
apps/Z9xProjector/src/org/z9x/projector/ui/Notify.java	PUBLISH	apps/Z9xProjector/src/org/z9x/projector/ui/Notify.java	12285		own app source
apps/Z9xProjector/src/org/z9x/projector/ui/NotifyRequestReceiver.java	PUBLISH	apps/Z9xProjector/src/org/z9x/projector/ui/NotifyRequestReceiver.java	1860		own app source
apps/Z9xProjector/src/org/z9x/projector/ui/OverlayHost.java	PUBLISH	apps/Z9xProjector/src/org/z9x/projector/ui/OverlayHost.java	15442		own app source
apps/Z9xProjector/src/org/z9x/projector/ui/Page.java	PUBLISH	apps/Z9xProjector/src/org/z9x/projector/ui/Page.java	1676		own app source
apps/Z9xProjector/src/org/z9x/projector/ui/PagedPanel.java	PUBLISH	apps/Z9xProjector/src/org/z9x/projector/ui/PagedPanel.java	7547		own app source
apps/Z9xProjector/src/org/z9x/projector/ui/Panel.java	PUBLISH	apps/Z9xProjector/src/org/z9x/projector/ui/Panel.java	4377		own app source
apps/Z9xProjector/src/org/z9x/projector/ui/Row.java	PUBLISH	apps/Z9xProjector/src/org/z9x/projector/ui/Row.java	10915		own app source
apps/Z9xProjector/src/org/z9x/projector/ui/SliderRow.java	PUBLISH	apps/Z9xProjector/src/org/z9x/projector/ui/SliderRow.java	5096		own app source
apps/Z9xProjector/src/org/z9x/projector/ui/TextRow.java	PUBLISH	apps/Z9xProjector/src/org/z9x/projector/ui/TextRow.java	2543		own app source
apps/Z9xProjector/src/org/z9x/projector/ui/Theme.java	PUBLISH	apps/Z9xProjector/src/org/z9x/projector/ui/Theme.java	5928		own app source
apps/Z9xProjector/src/org/z9x/projector/ui/ToggleRow.java	PUBLISH	apps/Z9xProjector/src/org/z9x/projector/ui/ToggleRow.java	2622		own app source
apps/Z9xSetup/AndroidManifest.xml	PUBLISH	apps/Z9xSetup/AndroidManifest.xml	6093		own app source
apps/Z9xSetup/CHANGES.md	PUBLISH	apps/Z9xSetup/CHANGES.md	4955		own app source
apps/Z9xSetup/Z9xSetup.apk	EXCLUDE		217444		build output
apps/Z9xSetup/res/drawable/ic_setup.xml	PUBLISH	apps/Z9xSetup/res/drawable/ic_setup.xml	692		own app source
apps/Z9xSetup/res/values/setup_colors.xml	PUBLISH	apps/Z9xSetup/res/values/setup_colors.xml	297		own app source
apps/Z9xSetup/res/values/strings.xml	PUBLISH	apps/Z9xSetup/res/values/strings.xml	7910		own app source
apps/Z9xSetup/res/values/styles.xml	PUBLISH	apps/Z9xSetup/res/values/styles.xml	1143		own app source
apps/Z9xSetup/res/values/z9x_tokens.xml	PUBLISH	apps/Z9xSetup/res/values/z9x_tokens.xml	1188		own app source
apps/Z9xSetup/res/values-ar/strings.xml	PUBLISH	apps/Z9xSetup/res/values-ar/strings.xml	9946		own app source
apps/Z9xSetup/res/values-be/strings.xml	PUBLISH	apps/Z9xSetup/res/values-be/strings.xml	10356		own app source
apps/Z9xSetup/res/values-de/strings.xml	PUBLISH	apps/Z9xSetup/res/values-de/strings.xml	8399		own app source
apps/Z9xSetup/res/values-es/strings.xml	PUBLISH	apps/Z9xSetup/res/values-es/strings.xml	8442		own app source
apps/Z9xSetup/res/values-fr/strings.xml	PUBLISH	apps/Z9xSetup/res/values-fr/strings.xml	8731		own app source
apps/Z9xSetup/res/values-it/strings.xml	PUBLISH	apps/Z9xSetup/res/values-it/strings.xml	8317		own app source
apps/Z9xSetup/res/values-ja/strings.xml	PUBLISH	apps/Z9xSetup/res/values-ja/strings.xml	9595		own app source
apps/Z9xSetup/res/values-kk/strings.xml	PUBLISH	apps/Z9xSetup/res/values-kk/strings.xml	10399		own app source
apps/Z9xSetup/res/values-ko/strings.xml	PUBLISH	apps/Z9xSetup/res/values-ko/strings.xml	8679		own app source
apps/Z9xSetup/res/values-pl/strings.xml	PUBLISH	apps/Z9xSetup/res/values-pl/strings.xml	8389		own app source
apps/Z9xSetup/res/values-pt/strings.xml	PUBLISH	apps/Z9xSetup/res/values-pt/strings.xml	8361		own app source
apps/Z9xSetup/res/values-pt-rBR/strings.xml	PUBLISH	apps/Z9xSetup/res/values-pt-rBR/strings.xml	8361		own app source
apps/Z9xSetup/res/values-ru/strings.xml	PUBLISH	apps/Z9xSetup/res/values-ru/strings.xml	10340		own app source
apps/Z9xSetup/res/values-tr/strings.xml	PUBLISH	apps/Z9xSetup/res/values-tr/strings.xml	8325		own app source
apps/Z9xSetup/res/values-uk/strings.xml	PUBLISH	apps/Z9xSetup/res/values-uk/strings.xml	10563		own app source
apps/Z9xSetup/res/values-zh-rCN/strings.xml	PUBLISH	apps/Z9xSetup/res/values-zh-rCN/strings.xml	7864		own app source
apps/Z9xSetup/res/values-zh-rTW/strings.xml	PUBLISH	apps/Z9xSetup/res/values-zh-rTW/strings.xml	7969		own app source
apps/Z9xSetup/res/xml/network_security_config.xml	PUBLISH	apps/Z9xSetup/res/xml/network_security_config.xml	439		own app source
apps/Z9xSetup/src/org/z9x/common/GeoIp.java	PUBLISH	apps/Z9xSetup/src/org/z9x/common/GeoIp.java	8209		own app source
apps/Z9xSetup/src/org/z9x/setup/Bridge.java	PUBLISH	apps/Z9xSetup/src/org/z9x/setup/Bridge.java	9076		own app source
apps/Z9xSetup/src/org/z9x/setup/Finisher.java	PUBLISH	apps/Z9xSetup/src/org/z9x/setup/Finisher.java	6292		own app source
apps/Z9xSetup/src/org/z9x/setup/L.java	PUBLISH	apps/Z9xSetup/src/org/z9x/setup/L.java	1189		own app source
apps/Z9xSetup/src/org/z9x/setup/Langs.java	PUBLISH	apps/Z9xSetup/src/org/z9x/setup/Langs.java	2111		own app source
apps/Z9xSetup/src/org/z9x/setup/SetupActivity.java	PUBLISH	apps/Z9xSetup/src/org/z9x/setup/SetupActivity.java	33845		own app source
apps/Z9xSetup/src/org/z9x/setup/SetupState.java	PUBLISH	apps/Z9xSetup/src/org/z9x/setup/SetupState.java	5346		own app source
apps/Z9xSetup/src/org/z9x/setup/Sys.java	PUBLISH	apps/Z9xSetup/src/org/z9x/setup/Sys.java	3597		own app source
apps/Z9xSetup/src/org/z9x/setup/net/Gservices.java	PUBLISH	apps/Z9xSetup/src/org/z9x/setup/net/Gservices.java	1119		own app source
apps/Z9xSetup/src/org/z9x/setup/net/NetMon.java	PUBLISH	apps/Z9xSetup/src/org/z9x/setup/net/NetMon.java	5298		own app source
apps/Z9xSetup/src/org/z9x/setup/net/TimeZones.java	PUBLISH	apps/Z9xSetup/src/org/z9x/setup/net/TimeZones.java	4044		own app source
apps/Z9xSetup/src/org/z9x/setup/net/TzLookup.java	PUBLISH	apps/Z9xSetup/src/org/z9x/setup/net/TzLookup.java	2556		own app source
apps/Z9xSetup/src/org/z9x/setup/net/WifiUtil.java	PUBLISH	apps/Z9xSetup/src/org/z9x/setup/net/WifiUtil.java	6616		own app source
apps/Z9xSetup/src/org/z9x/setup/steps/AliceStep.java	PUBLISH	apps/Z9xSetup/src/org/z9x/setup/steps/AliceStep.java	2586		own app source
apps/Z9xSetup/src/org/z9x/setup/steps/DoneStep.java	PUBLISH	apps/Z9xSetup/src/org/z9x/setup/steps/DoneStep.java	15352		own app source
apps/Z9xSetup/src/org/z9x/setup/steps/GoogleStep.java	PUBLISH	apps/Z9xSetup/src/org/z9x/setup/steps/GoogleStep.java	12319		own app source
apps/Z9xSetup/src/org/z9x/setup/steps/LauncherStep.java	PUBLISH	apps/Z9xSetup/src/org/z9x/setup/steps/LauncherStep.java	6773		own app source
apps/Z9xSetup/src/org/z9x/setup/steps/NetworkStep.java	PUBLISH	apps/Z9xSetup/src/org/z9x/setup/steps/NetworkStep.java	34827		own app source
apps/Z9xSetup/src/org/z9x/setup/steps/PictureStep.java	PUBLISH	apps/Z9xSetup/src/org/z9x/setup/steps/PictureStep.java	10194		own app source
apps/Z9xSetup/src/org/z9x/setup/steps/RemoteStep.java	PUBLISH	apps/Z9xSetup/src/org/z9x/setup/steps/RemoteStep.java	5661		own app source
apps/Z9xSetup/src/org/z9x/setup/steps/Step.java	PUBLISH	apps/Z9xSetup/src/org/z9x/setup/steps/Step.java	4068		own app source
apps/Z9xSetup/src/org/z9x/setup/steps/WelcomeStep.java	PUBLISH	apps/Z9xSetup/src/org/z9x/setup/steps/WelcomeStep.java	7368		own app source
apps/Z9xSetup/src/org/z9x/setup/ui/AuroraView.java	PUBLISH	apps/Z9xSetup/src/org/z9x/setup/ui/AuroraView.java	4382		own app source
apps/Z9xSetup/src/org/z9x/setup/ui/CheckArt.java	PUBLISH	apps/Z9xSetup/src/org/z9x/setup/ui/CheckArt.java	2193		own app source
apps/Z9xSetup/src/org/z9x/setup/ui/Dots.java	PUBLISH	apps/Z9xSetup/src/org/z9x/setup/ui/Dots.java	2663		own app source
apps/Z9xSetup/src/org/z9x/setup/ui/Field.java	PUBLISH	apps/Z9xSetup/src/org/z9x/setup/ui/Field.java	2605		own app source
apps/Z9xSetup/src/org/z9x/setup/ui/GoogleG.java	PUBLISH	apps/Z9xSetup/src/org/z9x/setup/ui/GoogleG.java	1379		own app source
apps/Z9xSetup/src/org/z9x/setup/ui/GridArt.java	PUBLISH	apps/Z9xSetup/src/org/z9x/setup/ui/GridArt.java	1613		own app source
apps/Z9xSetup/src/org/z9x/setup/ui/Icon.java	PUBLISH	apps/Z9xSetup/src/org/z9x/setup/ui/Icon.java	8414		own app source
apps/Z9xSetup/src/org/z9x/setup/ui/LauncherPreview.java	PUBLISH	apps/Z9xSetup/src/org/z9x/setup/ui/LauncherPreview.java	4913		own app source
apps/Z9xSetup/src/org/z9x/setup/ui/Pill.java	PUBLISH	apps/Z9xSetup/src/org/z9x/setup/ui/Pill.java	1422		own app source
apps/Z9xSetup/src/org/z9x/setup/ui/Qr.java	PUBLISH	apps/Z9xSetup/src/org/z9x/setup/ui/Qr.java	11794		own app source
apps/Z9xSetup/src/org/z9x/setup/ui/QrView.java	PUBLISH	apps/Z9xSetup/src/org/z9x/setup/ui/QrView.java	1308		own app source
apps/Z9xSetup/src/org/z9x/setup/ui/RemoteArt.java	PUBLISH	apps/Z9xSetup/src/org/z9x/setup/ui/RemoteArt.java	5356		own app source
apps/Z9xSetup/src/org/z9x/setup/ui/Row.java	PUBLISH	apps/Z9xSetup/src/org/z9x/setup/ui/Row.java	4158		own app source
apps/Z9xSetup/src/org/z9x/setup/ui/Sheet.java	PUBLISH	apps/Z9xSetup/src/org/z9x/setup/ui/Sheet.java	4254		own app source
apps/Z9xSetup/src/org/z9x/setup/ui/SwitchView.java	PUBLISH	apps/Z9xSetup/src/org/z9x/setup/ui/SwitchView.java	2439		own app source
apps/Z9xSetup/src/org/z9x/setup/ui/Ui.java	PUBLISH	apps/Z9xSetup/src/org/z9x/setup/ui/Ui.java	7709		own app source
apps/Z9xSetup/src/org/z9x/setup/ui/Wordmark.java	PUBLISH	apps/Z9xSetup/src/org/z9x/setup/ui/Wordmark.java	2270		own app source
apps/Z9xSetupWraithOverlay/AndroidManifest.xml	PUBLISH	apps/Z9xSetupWraithOverlay/AndroidManifest.xml	1173		own app source
apps/Z9xSetupWraithOverlay/res/values/bools.xml	PUBLISH	apps/Z9xSetupWraithOverlay/res/values/bools.xml	114		own app source
apps/Z9xTvInput/AndroidManifest.xml	PUBLISH	apps/Z9xTvInput/AndroidManifest.xml	10230		own app source
apps/Z9xTvInput/CHANGES.md	PUBLISH	apps/Z9xTvInput/CHANGES.md	1951		own app source
apps/Z9xTvInput/README_ru.md	PUBLISH_SCRUB	apps/Z9xTvInput/README_ru.md	17600	PERSONAL	own app source; personal identifier found
apps/Z9xTvInput/Z9xTvInput.apk	EXCLUDE		127395		build output
apps/Z9xTvInput/res/drawable/banner.xml	PUBLISH	apps/Z9xTvInput/res/drawable/banner.xml	869		own app source
apps/Z9xTvInput/res/drawable/ic_launcher.xml	PUBLISH	apps/Z9xTvInput/res/drawable/ic_launcher.xml	660		own app source
apps/Z9xTvInput/res/values/strings.xml	PUBLISH	apps/Z9xTvInput/res/values/strings.xml	2460		own app source
apps/Z9xTvInput/res/values-ar/strings.xml	PUBLISH	apps/Z9xTvInput/res/values-ar/strings.xml	2965		own app source
apps/Z9xTvInput/res/values-be/strings.xml	PUBLISH	apps/Z9xTvInput/res/values-be/strings.xml	3098		own app source
apps/Z9xTvInput/res/values-de/strings.xml	PUBLISH	apps/Z9xTvInput/res/values-de/strings.xml	2629		own app source
apps/Z9xTvInput/res/values-es/strings.xml	PUBLISH	apps/Z9xTvInput/res/values-es/strings.xml	2554		own app source
apps/Z9xTvInput/res/values-fr/strings.xml	PUBLISH	apps/Z9xTvInput/res/values-fr/strings.xml	2662		own app source
apps/Z9xTvInput/res/values-it/strings.xml	PUBLISH	apps/Z9xTvInput/res/values-it/strings.xml	2587		own app source
apps/Z9xTvInput/res/values-ja/strings.xml	PUBLISH	apps/Z9xTvInput/res/values-ja/strings.xml	2711		own app source
apps/Z9xTvInput/res/values-kk/strings.xml	PUBLISH	apps/Z9xTvInput/res/values-kk/strings.xml	3006		own app source
apps/Z9xTvInput/res/values-ko/strings.xml	PUBLISH	apps/Z9xTvInput/res/values-ko/strings.xml	2588		own app source
apps/Z9xTvInput/res/values-pl/strings.xml	PUBLISH	apps/Z9xTvInput/res/values-pl/strings.xml	2599		own app source
apps/Z9xTvInput/res/values-pt/strings.xml	PUBLISH	apps/Z9xTvInput/res/values-pt/strings.xml	2643		own app source
apps/Z9xTvInput/res/values-pt-rBR/strings.xml	PUBLISH	apps/Z9xTvInput/res/values-pt-rBR/strings.xml	2643		own app source
apps/Z9xTvInput/res/values-ru/strings.xml	PUBLISH	apps/Z9xTvInput/res/values-ru/strings.xml	2969		own app source
apps/Z9xTvInput/res/values-tr/strings.xml	PUBLISH	apps/Z9xTvInput/res/values-tr/strings.xml	2530		own app source
apps/Z9xTvInput/res/values-uk/strings.xml	PUBLISH	apps/Z9xTvInput/res/values-uk/strings.xml	3156		own app source
apps/Z9xTvInput/res/values-zh-rCN/strings.xml	PUBLISH	apps/Z9xTvInput/res/values-zh-rCN/strings.xml	2375		own app source
apps/Z9xTvInput/res/values-zh-rTW/strings.xml	PUBLISH	apps/Z9xTvInput/res/values-zh-rTW/strings.xml	2421		own app source
apps/Z9xTvInput/res/xml/tvinputservice.xml	PUBLISH	apps/Z9xTvInput/res/xml/tvinputservice.xml	273		own app source
apps/Z9xTvInput/src/org/z9x/tvinput/CecHelper.java	PUBLISH	apps/Z9xTvInput/src/org/z9x/tvinput/CecHelper.java	9631		own app source
apps/Z9xTvInput/src/org/z9x/tvinput/CrashGuard.java	PUBLISH	apps/Z9xTvInput/src/org/z9x/tvinput/CrashGuard.java	4887		own app source
apps/Z9xTvInput/src/org/z9x/tvinput/GlobalKeyReceiver.java	PUBLISH	apps/Z9xTvInput/src/org/z9x/tvinput/GlobalKeyReceiver.java	5462		own app source
apps/Z9xTvInput/src/org/z9x/tvinput/HdmiInputService.java	PUBLISH	apps/Z9xTvInput/src/org/z9x/tvinput/HdmiInputService.java	11851		own app source
apps/Z9xTvInput/src/org/z9x/tvinput/HdmiInputs.java	PUBLISH	apps/Z9xTvInput/src/org/z9x/tvinput/HdmiInputs.java	16422		own app source
apps/Z9xTvInput/src/org/z9x/tvinput/HdmiSession.java	PUBLISH	apps/Z9xTvInput/src/org/z9x/tvinput/HdmiSession.java	17904		own app source
apps/Z9xTvInput/src/org/z9x/tvinput/HdmiStateProvider.java	PUBLISH	apps/Z9xTvInput/src/org/z9x/tvinput/HdmiStateProvider.java	5473		own app source
apps/Z9xTvInput/src/org/z9x/tvinput/HdmiWatcher.java	PUBLISH	apps/Z9xTvInput/src/org/z9x/tvinput/HdmiWatcher.java	18878		own app source
apps/Z9xTvInput/src/org/z9x/tvinput/InputPickerActivity.java	PUBLISH	apps/Z9xTvInput/src/org/z9x/tvinput/InputPickerActivity.java	4048		own app source
apps/Z9xTvInput/src/org/z9x/tvinput/KeyReceiver.java	PUBLISH	apps/Z9xTvInput/src/org/z9x/tvinput/KeyReceiver.java	440		own app source
apps/Z9xTvInput/src/org/z9x/tvinput/PassthroughActivity.java	PUBLISH	apps/Z9xTvInput/src/org/z9x/tvinput/PassthroughActivity.java	17497		own app source
apps/Z9xTvInput/src/org/z9x/tvinput/Prefs.java	PUBLISH	apps/Z9xTvInput/src/org/z9x/tvinput/Prefs.java	2172		own app source
apps/Z9xTvInput/src/org/z9x/tvinput/ProjectorEvents.java	PUBLISH	apps/Z9xTvInput/src/org/z9x/tvinput/ProjectorEvents.java	2063		own app source
apps/Z9xTvInput/src/org/z9x/tvinput/Safe.java	PUBLISH	apps/Z9xTvInput/src/org/z9x/tvinput/Safe.java	1092		own app source
apps/Z9xTvInput/src/org/z9x/tvinput/SettingsActivity.java	PUBLISH	apps/Z9xTvInput/src/org/z9x/tvinput/SettingsActivity.java	4054		own app source
apps/Z9xTvInput/src/org/z9x/tvinput/Z9xTvInputApp.java	PUBLISH	apps/Z9xTvInput/src/org/z9x/tvinput/Z9xTvInputApp.java	1122		own app source
apps/Z9xTvSettingsHdrOverlay/AndroidManifest.xml	PUBLISH	apps/Z9xTvSettingsHdrOverlay/AndroidManifest.xml	1276		own app source
apps/Z9xTvSettingsHdrOverlay/res/values/config.xml	PUBLISH	apps/Z9xTvSettingsHdrOverlay/res/values/config.xml	407		own app source
apps/Z9xUpdater/AndroidManifest.xml	PUBLISH	apps/Z9xUpdater/AndroidManifest.xml	4950		own app source
apps/Z9xUpdater/CHANGES.md	PUBLISH	apps/Z9xUpdater/CHANGES.md	2545		own app source
apps/Z9xUpdater/Z9xUpdater.apk	EXCLUDE		110868		build output
apps/Z9xUpdater/res/drawable/ic_update.xml	PUBLISH	apps/Z9xUpdater/res/drawable/ic_update.xml	628		own app source
apps/Z9xUpdater/res/values/colors.xml	PUBLISH	apps/Z9xUpdater/res/values/colors.xml	805		own app source
apps/Z9xUpdater/res/values/strings.xml	PUBLISH	apps/Z9xUpdater/res/values/strings.xml	7393		own app source
apps/Z9xUpdater/res/values/themes.xml	PUBLISH	apps/Z9xUpdater/res/values/themes.xml	571		own app source
apps/Z9xUpdater/res/values-ar/strings.xml	PUBLISH	apps/Z9xUpdater/res/values-ar/strings.xml	9076		own app source
apps/Z9xUpdater/res/values-be/strings.xml	PUBLISH	apps/Z9xUpdater/res/values-be/strings.xml	9699		own app source
apps/Z9xUpdater/res/values-de/strings.xml	PUBLISH	apps/Z9xUpdater/res/values-de/strings.xml	7569		own app source
apps/Z9xUpdater/res/values-es/strings.xml	PUBLISH	apps/Z9xUpdater/res/values-es/strings.xml	7643		own app source
apps/Z9xUpdater/res/values-fr/strings.xml	PUBLISH	apps/Z9xUpdater/res/values-fr/strings.xml	7846		own app source
apps/Z9xUpdater/res/values-it/strings.xml	PUBLISH	apps/Z9xUpdater/res/values-it/strings.xml	7624		own app source
apps/Z9xUpdater/res/values-ja/strings.xml	PUBLISH	apps/Z9xUpdater/res/values-ja/strings.xml	8864		own app source
apps/Z9xUpdater/res/values-kk/strings.xml	PUBLISH	apps/Z9xUpdater/res/values-kk/strings.xml	9641		own app source
apps/Z9xUpdater/res/values-ko/strings.xml	PUBLISH	apps/Z9xUpdater/res/values-ko/strings.xml	7893		own app source
apps/Z9xUpdater/res/values-pl/strings.xml	PUBLISH	apps/Z9xUpdater/res/values-pl/strings.xml	7584		own app source
apps/Z9xUpdater/res/values-pt/strings.xml	PUBLISH	apps/Z9xUpdater/res/values-pt/strings.xml	7657		own app source
apps/Z9xUpdater/res/values-pt-rBR/strings.xml	PUBLISH	apps/Z9xUpdater/res/values-pt-rBR/strings.xml	7657		own app source
apps/Z9xUpdater/res/values-ru/strings.xml	PUBLISH	apps/Z9xUpdater/res/values-ru/strings.xml	9734		own app source
apps/Z9xUpdater/res/values-tr/strings.xml	PUBLISH	apps/Z9xUpdater/res/values-tr/strings.xml	7517		own app source
apps/Z9xUpdater/res/values-uk/strings.xml	PUBLISH	apps/Z9xUpdater/res/values-uk/strings.xml	9728		own app source
apps/Z9xUpdater/res/values-zh-rCN/strings.xml	PUBLISH	apps/Z9xUpdater/res/values-zh-rCN/strings.xml	6670		own app source
apps/Z9xUpdater/res/values-zh-rTW/strings.xml	PUBLISH	apps/Z9xUpdater/res/values-zh-rTW/strings.xml	6822		own app source
apps/Z9xUpdater/src/org/z9x/updater/BootReceiver.java	PUBLISH	apps/Z9xUpdater/src/org/z9x/updater/BootReceiver.java	3019		own app source
apps/Z9xUpdater/src/org/z9x/updater/CheckJob.java	PUBLISH	apps/Z9xUpdater/src/org/z9x/updater/CheckJob.java	2974		own app source
apps/Z9xUpdater/src/org/z9x/updater/Checker.java	PUBLISH	apps/Z9xUpdater/src/org/z9x/updater/Checker.java	7186		own app source
apps/Z9xUpdater/src/org/z9x/updater/Engine.java	PUBLISH	apps/Z9xUpdater/src/org/z9x/updater/Engine.java	6339		own app source
apps/Z9xUpdater/src/org/z9x/updater/Http.java	PUBLISH	apps/Z9xUpdater/src/org/z9x/updater/Http.java	5030		own app source
apps/Z9xUpdater/src/org/z9x/updater/Ota.java	PUBLISH	apps/Z9xUpdater/src/org/z9x/updater/Ota.java	6259		own app source
apps/Z9xUpdater/src/org/z9x/updater/Preflight.java	PUBLISH	apps/Z9xUpdater/src/org/z9x/updater/Preflight.java	3109		own app source
apps/Z9xUpdater/src/org/z9x/updater/QrCode.java	PUBLISH	apps/Z9xUpdater/src/org/z9x/updater/QrCode.java	11550		own app source
apps/Z9xUpdater/src/org/z9x/updater/StateProvider.java	PUBLISH	apps/Z9xUpdater/src/org/z9x/updater/StateProvider.java	2429		own app source
apps/Z9xUpdater/src/org/z9x/updater/Store.java	PUBLISH	apps/Z9xUpdater/src/org/z9x/updater/Store.java	5635		own app source
apps/Z9xUpdater/src/org/z9x/updater/Trust.java	PUBLISH	apps/Z9xUpdater/src/org/z9x/updater/Trust.java	3865		own app source
apps/Z9xUpdater/src/org/z9x/updater/Ui.java	PUBLISH	apps/Z9xUpdater/src/org/z9x/updater/Ui.java	8442		own app source
apps/Z9xUpdater/src/org/z9x/updater/UpdateManifest.java	PUBLISH	apps/Z9xUpdater/src/org/z9x/updater/UpdateManifest.java	4985		own app source
apps/Z9xUpdater/src/org/z9x/updater/UpdateService.java	PUBLISH	apps/Z9xUpdater/src/org/z9x/updater/UpdateService.java	21082		own app source
apps/Z9xUpdater/src/org/z9x/updater/UpdaterActivity.java	PUBLISH	apps/Z9xUpdater/src/org/z9x/updater/UpdaterActivity.java	21891		own app source
apps/common/GeoIp.java	PUBLISH	apps/common/GeoIp.java	8209		shared sources copied at build time
apps/common/sync.sh	PUBLISH	apps/common/sync.sh	1413		shared sources copied at build time
apps/common/tokens.xml	PUBLISH	apps/common/tokens.xml	1188		shared sources copied at build time
apps/i18n/gen.py	PUBLISH_SCRUB	apps/i18n/gen.py	12676	PERSONAL	own i18n; personal identifier found
apps/i18n/merge_pending.py	PUBLISH	apps/i18n/merge_pending.py	7135		own i18n
apps/i18n/langs/ar.txt	PUBLISH	apps/i18n/langs/ar.txt	46722		own i18n
apps/i18n/langs/be.txt	PUBLISH	apps/i18n/langs/be.txt	49793		own i18n
apps/i18n/langs/de.txt	PUBLISH	apps/i18n/langs/de.txt	36484		own i18n
apps/i18n/langs/es.txt	PUBLISH	apps/i18n/langs/es.txt	36357		own i18n
apps/i18n/langs/fr.txt	PUBLISH	apps/i18n/langs/fr.txt	37507		own i18n
apps/i18n/langs/it.txt	PUBLISH	apps/i18n/langs/it.txt	35931		own i18n
apps/i18n/langs/ja.txt	PUBLISH	apps/i18n/langs/ja.txt	42961		own i18n
apps/i18n/langs/kk.txt	PUBLISH	apps/i18n/langs/kk.txt	50814		own i18n
apps/i18n/langs/ko.txt	PUBLISH	apps/i18n/langs/ko.txt	38073		own i18n
apps/i18n/langs/pl.txt	PUBLISH	apps/i18n/langs/pl.txt	35946		own i18n
apps/i18n/langs/pt.txt	PUBLISH	apps/i18n/langs/pt.txt	35830		own i18n
apps/i18n/langs/ru.txt	PUBLISH	apps/i18n/langs/ru.txt	41116		own i18n
apps/i18n/langs/tr.txt	PUBLISH	apps/i18n/langs/tr.txt	35469		own i18n
apps/i18n/langs/uk.txt	PUBLISH	apps/i18n/langs/uk.txt	50717		own i18n
apps/i18n/langs/zh-rCN.txt	PUBLISH	apps/i18n/langs/zh-rCN.txt	31541		own i18n
apps/i18n/langs/zh-rTW.txt	PUBLISH	apps/i18n/langs/zh-rTW.txt	32207		own i18n
apps/i18n/pending/L-HOME/ar.txt	PUBLISH	apps/i18n/pending/L-HOME/ar.txt	7119		own i18n
apps/i18n/pending/L-HOME/be.txt	PUBLISH	apps/i18n/pending/L-HOME/be.txt	7905		own i18n
apps/i18n/pending/L-HOME/de.txt	PUBLISH	apps/i18n/pending/L-HOME/de.txt	5700		own i18n
apps/i18n/pending/L-HOME/en.txt	PUBLISH	apps/i18n/pending/L-HOME/en.txt	5211		own i18n
apps/i18n/pending/L-HOME/es.txt	PUBLISH	apps/i18n/pending/L-HOME/es.txt	5580		own i18n
apps/i18n/pending/L-HOME/fr.txt	PUBLISH	apps/i18n/pending/L-HOME/fr.txt	5894		own i18n
apps/i18n/pending/L-HOME/it.txt	PUBLISH	apps/i18n/pending/L-HOME/it.txt	5494		own i18n
apps/i18n/pending/L-HOME/ja.txt	PUBLISH	apps/i18n/pending/L-HOME/ja.txt	6701		own i18n
apps/i18n/pending/L-HOME/kk.txt	PUBLISH	apps/i18n/pending/L-HOME/kk.txt	8277		own i18n
apps/i18n/pending/L-HOME/ko.txt	PUBLISH	apps/i18n/pending/L-HOME/ko.txt	5963		own i18n
apps/i18n/pending/L-HOME/pl.txt	PUBLISH	apps/i18n/pending/L-HOME/pl.txt	5639		own i18n
apps/i18n/pending/L-HOME/pt.txt	PUBLISH	apps/i18n/pending/L-HOME/pt.txt	5583		own i18n
apps/i18n/pending/L-HOME/ru.txt	PUBLISH	apps/i18n/pending/L-HOME/ru.txt	8060		own i18n
apps/i18n/pending/L-HOME/tr.txt	PUBLISH	apps/i18n/pending/L-HOME/tr.txt	5778		own i18n
apps/i18n/pending/L-HOME/uk.txt	PUBLISH	apps/i18n/pending/L-HOME/uk.txt	8129		own i18n
apps/i18n/pending/L-HOME/zh-rCN.txt	PUBLISH	apps/i18n/pending/L-HOME/zh-rCN.txt	5210		own i18n
apps/i18n/pending/L-HOME/zh-rTW.txt	PUBLISH	apps/i18n/pending/L-HOME/zh-rTW.txt	5446		own i18n
apps/i18n/pending/cec/ar.txt	PUBLISH	apps/i18n/pending/cec/ar.txt	2069		own i18n
apps/i18n/pending/cec/be.txt	PUBLISH	apps/i18n/pending/cec/be.txt	2119		own i18n
apps/i18n/pending/cec/de.txt	PUBLISH	apps/i18n/pending/cec/de.txt	1700		own i18n
apps/i18n/pending/cec/en.txt	PUBLISH	apps/i18n/pending/cec/en.txt	1555		own i18n
apps/i18n/pending/cec/es.txt	PUBLISH	apps/i18n/pending/cec/es.txt	1692		own i18n
apps/i18n/pending/cec/fr.txt	PUBLISH	apps/i18n/pending/cec/fr.txt	1690		own i18n
apps/i18n/pending/cec/it.txt	PUBLISH	apps/i18n/pending/cec/it.txt	1654		own i18n
apps/i18n/pending/cec/ja.txt	PUBLISH	apps/i18n/pending/cec/ja.txt	1920		own i18n
apps/i18n/pending/cec/kk.txt	PUBLISH	apps/i18n/pending/cec/kk.txt	2180		own i18n
apps/i18n/pending/cec/ko.txt	PUBLISH	apps/i18n/pending/cec/ko.txt	1692		own i18n
apps/i18n/pending/cec/pl.txt	PUBLISH	apps/i18n/pending/cec/pl.txt	1642		own i18n
apps/i18n/pending/cec/pt.txt	PUBLISH	apps/i18n/pending/cec/pt.txt	1658		own i18n
apps/i18n/pending/cec/ru.txt	PUBLISH	apps/i18n/pending/cec/ru.txt	2227		own i18n
apps/i18n/pending/cec/tr.txt	PUBLISH	apps/i18n/pending/cec/tr.txt	1605		own i18n
apps/i18n/pending/cec/uk.txt	PUBLISH	apps/i18n/pending/cec/uk.txt	2177		own i18n
apps/i18n/pending/cec/zh-rCN.txt	PUBLISH	apps/i18n/pending/cec/zh-rCN.txt	1505		own i18n
apps/i18n/pending/cec/zh-rTW.txt	PUBLISH	apps/i18n/pending/cec/zh-rTW.txt	1515		own i18n
apps/i18n/pending/fix3/ar.txt	PUBLISH	apps/i18n/pending/fix3/ar.txt	421		own i18n
apps/i18n/pending/fix3/be.txt	PUBLISH	apps/i18n/pending/fix3/be.txt	457		own i18n
apps/i18n/pending/fix3/de.txt	PUBLISH	apps/i18n/pending/fix3/de.txt	343		own i18n
apps/i18n/pending/fix3/en.txt	PUBLISH	apps/i18n/pending/fix3/en.txt	304		own i18n
apps/i18n/pending/fix3/es.txt	PUBLISH	apps/i18n/pending/fix3/es.txt	342		own i18n
apps/i18n/pending/fix3/fr.txt	PUBLISH	apps/i18n/pending/fix3/fr.txt	357		own i18n
apps/i18n/pending/fix3/it.txt	PUBLISH	apps/i18n/pending/fix3/it.txt	332		own i18n
apps/i18n/pending/fix3/ja.txt	PUBLISH	apps/i18n/pending/fix3/ja.txt	422		own i18n
apps/i18n/pending/fix3/kk.txt	PUBLISH	apps/i18n/pending/fix3/kk.txt	447		own i18n
apps/i18n/pending/fix3/ko.txt	PUBLISH	apps/i18n/pending/fix3/ko.txt	362		own i18n
apps/i18n/pending/fix3/pl.txt	PUBLISH	apps/i18n/pending/fix3/pl.txt	330		own i18n
apps/i18n/pending/fix3/pt.txt	PUBLISH	apps/i18n/pending/fix3/pt.txt	336		own i18n
apps/i18n/pending/fix3/ru.txt	PUBLISH	apps/i18n/pending/fix3/ru.txt	461		own i18n
apps/i18n/pending/fix3/tr.txt	PUBLISH	apps/i18n/pending/fix3/tr.txt	324		own i18n
apps/i18n/pending/fix3/uk.txt	PUBLISH	apps/i18n/pending/fix3/uk.txt	452		own i18n
apps/i18n/pending/fix3/zh-rCN.txt	PUBLISH	apps/i18n/pending/fix3/zh-rCN.txt	296		own i18n
apps/i18n/pending/fix3/zh-rTW.txt	PUBLISH	apps/i18n/pending/fix3/zh-rTW.txt	305		own i18n
apps/i18n/pending/ota/ar.txt	PUBLISH	apps/i18n/pending/ota/ar.txt	6520		own i18n
apps/i18n/pending/ota/be.txt	PUBLISH	apps/i18n/pending/ota/be.txt	7193		own i18n
apps/i18n/pending/ota/de.txt	PUBLISH	apps/i18n/pending/ota/de.txt	5113		own i18n
apps/i18n/pending/ota/en.txt	PUBLISH	apps/i18n/pending/ota/en.txt	4550		own i18n
apps/i18n/pending/ota/es.txt	PUBLISH	apps/i18n/pending/ota/es.txt	5162		own i18n
apps/i18n/pending/ota/fr.txt	PUBLISH	apps/i18n/pending/ota/fr.txt	5357		own i18n
apps/i18n/pending/ota/it.txt	PUBLISH	apps/i18n/pending/ota/it.txt	5143		own i18n
apps/i18n/pending/ota/ja.txt	PUBLISH	apps/i18n/pending/ota/ja.txt	6433		own i18n
apps/i18n/pending/ota/kk.txt	PUBLISH	apps/i18n/pending/ota/kk.txt	7185		own i18n
apps/i18n/pending/ota/ko.txt	PUBLISH	apps/i18n/pending/ota/ko.txt	5462		own i18n
apps/i18n/pending/ota/pl.txt	PUBLISH	apps/i18n/pending/ota/pl.txt	5078		own i18n
apps/i18n/pending/ota/pt.txt	PUBLISH	apps/i18n/pending/ota/pt.txt	5133		own i18n
apps/i18n/pending/ota/ru.txt	PUBLISH	apps/i18n/pending/ota/ru.txt	7228		own i18n
apps/i18n/pending/ota/tr.txt	PUBLISH	apps/i18n/pending/ota/tr.txt	5061		own i18n
apps/i18n/pending/ota/uk.txt	PUBLISH	apps/i18n/pending/ota/uk.txt	7222		own i18n
apps/i18n/pending/ota/zh-rCN.txt	PUBLISH	apps/i18n/pending/ota/zh-rCN.txt	4239		own i18n
apps/i18n/pending/ota/zh-rTW.txt	PUBLISH	apps/i18n/pending/ota/zh-rTW.txt	4382		own i18n
apps/i18n/pending/projector/ar.txt	PUBLISH	apps/i18n/pending/projector/ar.txt	1563		own i18n
apps/i18n/pending/projector/be.txt	PUBLISH	apps/i18n/pending/projector/be.txt	1717		own i18n
apps/i18n/pending/projector/de.txt	PUBLISH	apps/i18n/pending/projector/de.txt	1390		own i18n
apps/i18n/pending/projector/en.txt	PUBLISH	apps/i18n/pending/projector/en.txt	1285		own i18n
apps/i18n/pending/projector/es.txt	PUBLISH	apps/i18n/pending/projector/es.txt	1346		own i18n
apps/i18n/pending/projector/fr.txt	PUBLISH	apps/i18n/pending/projector/fr.txt	1368		own i18n
apps/i18n/pending/projector/it.txt	PUBLISH	apps/i18n/pending/projector/it.txt	1361		own i18n
apps/i18n/pending/projector/ja.txt	PUBLISH	apps/i18n/pending/projector/ja.txt	1501		own i18n
apps/i18n/pending/projector/kk.txt	PUBLISH	apps/i18n/pending/projector/kk.txt	1740		own i18n
apps/i18n/pending/projector/ko.txt	PUBLISH	apps/i18n/pending/projector/ko.txt	1397		own i18n
apps/i18n/pending/projector/pl.txt	PUBLISH	apps/i18n/pending/projector/pl.txt	1354		own i18n
apps/i18n/pending/projector/pt.txt	PUBLISH	apps/i18n/pending/projector/pt.txt	1369		own i18n
apps/i18n/pending/projector/ru.txt	PUBLISH	apps/i18n/pending/projector/ru.txt	1741		own i18n
apps/i18n/pending/projector/tr.txt	PUBLISH	apps/i18n/pending/projector/tr.txt	1308		own i18n
apps/i18n/pending/projector/uk.txt	PUBLISH	apps/i18n/pending/projector/uk.txt	1726		own i18n
apps/i18n/pending/projector/zh-rCN.txt	PUBLISH	apps/i18n/pending/projector/zh-rCN.txt	1237		own i18n
apps/i18n/pending/projector/zh-rTW.txt	PUBLISH	apps/i18n/pending/projector/zh-rTW.txt	1265		own i18n
apps/i18n/pending/setup/ar.txt	PUBLISH	apps/i18n/pending/setup/ar.txt	6550		own i18n
apps/i18n/pending/setup/be.txt	PUBLISH	apps/i18n/pending/setup/be.txt	6960		own i18n
apps/i18n/pending/setup/de.txt	PUBLISH	apps/i18n/pending/setup/de.txt	5003		own i18n
apps/i18n/pending/setup/en.txt	PUBLISH	apps/i18n/pending/setup/en.txt	4738		own i18n
apps/i18n/pending/setup/es.txt	PUBLISH	apps/i18n/pending/setup/es.txt	5046		own i18n
apps/i18n/pending/setup/fr.txt	PUBLISH	apps/i18n/pending/setup/fr.txt	5329		own i18n
apps/i18n/pending/setup/it.txt	PUBLISH	apps/i18n/pending/setup/it.txt	4921		own i18n
apps/i18n/pending/setup/ja.txt	PUBLISH	apps/i18n/pending/setup/ja.txt	6199		own i18n
apps/i18n/pending/setup/kk.txt	PUBLISH	apps/i18n/pending/setup/kk.txt	7003		own i18n
apps/i18n/pending/setup/ko.txt	PUBLISH	apps/i18n/pending/setup/ko.txt	5283		own i18n
apps/i18n/pending/setup/pl.txt	PUBLISH	apps/i18n/pending/setup/pl.txt	4993		own i18n
apps/i18n/pending/setup/pt.txt	PUBLISH	apps/i18n/pending/setup/pt.txt	4951		own i18n
apps/i18n/pending/setup/ru.txt	PUBLISH	apps/i18n/pending/setup/ru.txt	6944		own i18n
apps/i18n/pending/setup/tr.txt	PUBLISH	apps/i18n/pending/setup/tr.txt	4929		own i18n
apps/i18n/pending/setup/uk.txt	PUBLISH	apps/i18n/pending/setup/uk.txt	7167		own i18n
apps/i18n/pending/setup/zh-rCN.txt	PUBLISH	apps/i18n/pending/setup/zh-rCN.txt	4468		own i18n
apps/i18n/pending/setup/zh-rTW.txt	PUBLISH	apps/i18n/pending/setup/zh-rTW.txt	4573		own i18n
apps/sdk/framework-full-headers.jar	REGENERATE		18349658		header jar of our framework build (apps/sdk/gen_sdk.sh)
apps/sdk/platform.pk8	PUBLISH	apps/sdk/testkeys/platform.pk8	1216		PUBLIC AOSP test key, dev builds only (README says so)
apps/sdk/platform.x509.pem	PUBLISH	apps/sdk/testkeys/platform.x509.pem	1675		PUBLIC AOSP test key, dev builds only (README says so)
docs/LUMEN_V1_RELEASE_NOTES.md	PUBLISH_SCRUB	docs/LUMEN_V1_RELEASE_NOTES.md	29113	PERSONAL	guides and design docs; personal identifier found
docs/keys.md	PUBLISH	docs/keys.md	7196		guides and design docs
docs/ota.md	PUBLISH	docs/ota.md	6733		guides and design docs
docs/release.md	PUBLISH	docs/release.md	5015		guides and design docs
docs/install/en.md	PUBLISH	docs/install/en.md	13427		guides and design docs
docs/install/ru.md	PUBLISH	docs/install/ru.md	21868		guides and design docs
docs/repo/LICENSE	PUBLISH	LICENSE	11357		repo root files (gitignore -> .gitignore, pre-push -> .githooks/pre-push)
docs/repo/NOTICE	PUBLISH	NOTICE	1791		repo root files (gitignore -> .gitignore, pre-push -> .githooks/pre-push)
docs/repo/PUBLISH_MANIFEST.tsv	PUBLISH	docs/repo/PUBLISH_MANIFEST.tsv	135721		guides and design docs
docs/repo/README.md	PUBLISH	docs/repo/README.md	1310		guides and design docs
docs/repo/gitignore	PUBLISH	gitignore	1269		repo root files (gitignore -> .gitignore, pre-push -> .githooks/pre-push)
docs/repo/pre-push	PUBLISH	pre-push	698		repo root files (gitignore -> .gitignore, pre-push -> .githooks/pre-push)
docs/repo/publish_audit.py	PUBLISH	docs/repo/publish_audit.py	12018		guides and design docs
installer/README.md	PUBLISH	installer/README.md	1579		PC installer (macOS/Linux/Windows)
installer/lumen-install.cmd	PUBLISH	installer/lumen-install.cmd	255		PC installer (macOS/Linux/Windows)
installer/lumen-install.ps1	PUBLISH	installer/lumen-install.ps1	34008		PC installer (macOS/Linux/Windows)
installer/lumen-install.sh	PUBLISH	installer/lumen-install.sh	37882		PC installer (macOS/Linux/Windows)
installer/release.conf	PUBLISH	installer/release.conf	779		PC installer (macOS/Linux/Windows)
installer/certs/ota.x509.pem	PUBLISH	installer/certs/ota.x509.pem	1923		PC installer (macOS/Linux/Windows)
installer/lib/blobs_allow.txt	PUBLISH	installer/lib/blobs_allow.txt	1630		PC installer (macOS/Linux/Windows)
lineage/Dockerfile	PUBLISH_SCRUB	lineage/Dockerfile	1086		build environment (BUILDER env var, no host names)
lineage/build_progress.log	EXCLUDE		5444		build logs of the owner's laptop
lineage/sync_progress.log	EXCLUDE		2214		build logs of the owner's laptop
lineage/transfer_progress.log	EXCLUDE		129		build logs of the owner's laptop
lineage/transfer_tar_err.log	EXCLUDE		183		build logs of the owner's laptop
lineage/z9x_build_loop.sh	PUBLISH_SCRUB	lineage/z9x_build_loop.sh	1690		build environment (BUILDER env var, no host names)
lineage/z9x_status.sh	PUBLISH_SCRUB	lineage/z9x_status.sh	1201		build environment (BUILDER env var, no host names)
lineage/z9x_thermal.sh	PUBLISH_SCRUB	lineage/z9x_thermal.sh	1670		build environment (BUILDER env var, no host names)
lineage/z9x_watch.sh	PUBLISH_SCRUB	lineage/z9x_watch.sh	2004	PERSONAL	build environment (BUILDER env var, no host names)
lineage/gapps/MindTheGapps-14.0.0-arm64-ATV-full-20240523_192016.zip	EXCLUDE		233709303		Google proprietary apps; gapps/README.md gives URL + sha256
lineage/gapps/release.x509.pem	EXCLUDE		1464		not needed
lineage/patches/frameworks_av_C2Store_igba_hidl.patch	PUBLISH	lineage/patches/frameworks_av_C2Store_igba_hidl.patch	3025		our patch to Apache-2.0 AOSP source
overlay/audio_policy_configuration.xml	EXCLUDE		49749		XGIMI-derived audio policy
overlay/hide_xgimi_vendor_apps.rc	PUBLISH	system/etc/legacy/hide_xgimi_vendor_apps.rc	453		own init
overlay/mtv_core_hardware.orig.xml	EXCLUDE		2034		vendor permission XML derivative (obsolete)
overlay/mtv_core_hardware.xml	EXCLUDE		1929		vendor permission XML derivative (obsolete)
overlay/unmute_system_sounds.sh	PUBLISH	system/etc/legacy/unmute_system_sounds.sh	556		own
overlay/xgimi_compat.rc	PUBLISH	system/etc/legacy/xgimi_compat.rc	1356		own init
overlay/xgimi_compat_extra.rc	PUBLISH	system/etc/legacy/xgimi_compat_extra.rc	819		own init
overlay/z9x_build_prop.txt	PUBLISH	system/etc/legacy/z9x_build_prop.txt	494		own
overlay/debug/debuglog.sh	PUBLISH	tools/dev/debuglog/debuglog.sh	1238		own USB-stick boot logger (dev builds only)
overlay/debug/z9x_debuglog.rc	PUBLISH	tools/dev/debuglog/z9x_debuglog.rc	455		own USB-stick boot logger (dev builds only)
overlay/keylayout/Vendor_000d_Product_3841.kl	EXCLUDE		1936		superseded / original XGIMI copies
overlay/keylayout/Vendor_000d_Product_3841.kl.orig	EXCLUDE		1564		superseded / original XGIMI copies
overlay/keylayout/Vendor_3697_Product_0001.kl	EXCLUDE		2155		superseded / original XGIMI copies
overlay/keylayout/Vendor_3697_Product_0001.kl.orig	EXCLUDE		1628		superseded / original XGIMI copies
overlay/keylayout/Vendor_3697_Product_0002.kl	EXCLUDE		2893		superseded / original XGIMI copies
overlay/keylayout/Vendor_3697_Product_0002.kl.orig	EXCLUDE		2206		superseded / original XGIMI copies
overlay/v1/CHANGES.md	PUBLISH	system/etc/CHANGES.md	8538		own init scripts / configs / props
overlay/v1/LineageCustomizer.apk	REGENERATE		20838		tools/lumen/gen_customizer.py makes it from the base image's LineageCustomizer (Play Movies removed)
overlay/v1/audio_policy_engine_stream_volumes.xml	PUBLISH	system/etc/audio_policy_engine_stream_volumes.xml	9718		own init scripts / configs / props
overlay/v1/bootanimation.zip	REGENERATE		481321		tools/lumen/gen_bootanim.py renders it (release asset)
overlay/v1/build_prop_v1.txt	PUBLISH	system/etc/build_prop_v1.txt	943		own init scripts / configs / props
overlay/v1/privapp-permissions-z9xhome.xml	PUBLISH	system/etc/privapp-permissions-z9xhome.xml	923		own init scripts / configs / props
overlay/v1/privapp-permissions-z9xsetup.xml	PUBLISH	system/etc/privapp-permissions-z9xsetup.xml	1027		own init scripts / configs / props
overlay/v1/product_prop_v1.txt	PUBLISH	system/etc/product_prop_v1.txt	2410		own init scripts / configs / props
overlay/v1/z9x-airplay-default-permissions.xml	PUBLISH	system/etc/z9x-airplay-default-permissions.xml	794		own init scripts / configs / props
overlay/v1/z9x-home-default-permissions.xml	PUBLISH	system/etc/z9x-home-default-permissions.xml	560		own init scripts / configs / props
overlay/v1/z9x-projector-default-permissions.xml	PUBLISH	system/etc/z9x-projector-default-permissions.xml	905		own init scripts / configs / props
overlay/v1/z9x-sysconfig.xml	PUBLISH	system/etc/z9x-sysconfig.xml	3797		own init scripts / configs / props
overlay/v1/z9x_audio.rc	PUBLISH	system/etc/z9x_audio.rc	1739		own init scripts / configs / props
overlay/v1/z9x_base.rc	PUBLISH	system/etc/z9x_base.rc	3623		own init scripts / configs / props
overlay/v1/z9x_bootinfo.rc	PUBLISH	system/etc/z9x_bootinfo.rc	1421		own init scripts / configs / props
overlay/v1/z9x_bootinfo.sh	PUBLISH	system/etc/z9x_bootinfo.sh	1231		own init scripts / configs / props
overlay/v1/z9x_diag.rc	PUBLISH	system/etc/z9x_diag.rc	2149		own init scripts / configs / props
overlay/v1/z9x_diag.sh	PUBLISH	system/etc/z9x_diag.sh	27058		own init scripts / configs / props
overlay/v1/z9x_nui.rc	PUBLISH	system/etc/z9x_nui.rc	1843		own init scripts / configs / props
overlay/v1/z9x_nui.sh	PUBLISH	system/etc/z9x_nui.sh	3740		own init scripts / configs / props
overlay/v1/z9x_power.rc	PUBLISH	system/etc/z9x_power.rc	5175		own init scripts / configs / props
overlay/v1/z9x_power_cec.rc	PUBLISH	system/etc/z9x_power_cec.rc	1859		own init scripts / configs / props
overlay/v1/z9x_power_wake.sh	PUBLISH	system/etc/z9x_power_wake.sh	851		own init scripts / configs / props
overlay/v1/z9x_poweroff.rc	PUBLISH	system/etc/z9x_poweroff.rc	1508		own init scripts / configs / props
overlay/v1/z9x_poweroff.sh	PUBLISH	system/etc/z9x_poweroff.sh	2057		own init scripts / configs / props
overlay/v1/z9x_setup.rc	PUBLISH	system/etc/z9x_setup.rc	6949		own init scripts / configs / props
overlay/v1/z9x_speed.rc	PUBLISH	system/etc/z9x_speed.rc	1406		own init scripts / configs / props
overlay/v1/idc/Vendor_000d_Product_3838.idc	PUBLISH	system/usr/idc/Vendor_000d_Product_3838.idc	831		own input-device configs
overlay/v1/idc/Vendor_000d_Product_3839.idc	PUBLISH	system/usr/idc/Vendor_000d_Product_3839.idc	645		own input-device configs
overlay/v1/idc/Vendor_000d_Product_3840.idc	PUBLISH	system/usr/idc/Vendor_000d_Product_3840.idc	763		own input-device configs
overlay/v1/idc/Vendor_000d_Product_3841.idc	PUBLISH	system/usr/idc/Vendor_000d_Product_3841.idc	801		own input-device configs
overlay/v1/idc/Vendor_000d_Product_3842.idc	PUBLISH	system/usr/idc/Vendor_000d_Product_3842.idc	774		own input-device configs
overlay/v1/idc/Vendor_000d_Product_3843.idc	PUBLISH	system/usr/idc/Vendor_000d_Product_3843.idc	769		own input-device configs
overlay/v1/idc/Vendor_1d5a_Product_c081.idc	PUBLISH	system/usr/idc/Vendor_1d5a_Product_c081.idc	762		own input-device configs
overlay/v1/idc/Vendor_26e3_Product_af02.idc	PUBLISH	system/usr/idc/Vendor_26e3_Product_af02.idc	649		own input-device configs
overlay/v1/keylayout/Generic.kl	PUBLISH	system/usr/keylayout/Generic.kl	11041		key layout tables (Apache-2.0 headed, modified by us)
overlay/v1/keylayout/Vendor_0001_Product_0001.kl	PUBLISH	system/usr/keylayout/Vendor_0001_Product_0001.kl	2696		key layout tables (Apache-2.0 headed, modified by us)
overlay/v1/keylayout/Vendor_000d_Product_3838.kl	PUBLISH	system/usr/keylayout/Vendor_000d_Product_3838.kl	3191		key layout tables (Apache-2.0 headed, modified by us)
overlay/v1/keylayout/Vendor_000d_Product_3839.kl	PUBLISH	system/usr/keylayout/Vendor_000d_Product_3839.kl	1546		key layout tables (Apache-2.0 headed, modified by us)
overlay/v1/keylayout/Vendor_000d_Product_3840.kl	PUBLISH	system/usr/keylayout/Vendor_000d_Product_3840.kl	3757		key layout tables (Apache-2.0 headed, modified by us)
overlay/v1/keylayout/Vendor_000d_Product_3841.kl	PUBLISH	system/usr/keylayout/Vendor_000d_Product_3841.kl	3795		key layout tables (Apache-2.0 headed, modified by us)
overlay/v1/keylayout/Vendor_000d_Product_3842.kl	PUBLISH	system/usr/keylayout/Vendor_000d_Product_3842.kl	3867		key layout tables (Apache-2.0 headed, modified by us)
overlay/v1/keylayout/Vendor_000d_Product_3843.kl	PUBLISH	system/usr/keylayout/Vendor_000d_Product_3843.kl	2203		key layout tables (Apache-2.0 headed, modified by us)
overlay/v1/keylayout/Vendor_1d5a_Product_c081.kl	PUBLISH	system/usr/keylayout/Vendor_1d5a_Product_c081.kl	2517		key layout tables (Apache-2.0 headed, modified by us)
overlay/v1/keylayout/Vendor_26e3_Product_af02.kl	PUBLISH	system/usr/keylayout/Vendor_26e3_Product_af02.kl	1876		key layout tables (Apache-2.0 headed, modified by us)
overlay/v1/keylayout/Vendor_3697_Product_0001.kl	PUBLISH	system/usr/keylayout/Vendor_3697_Product_0001.kl	4211		key layout tables (Apache-2.0 headed, modified by us)
overlay/v1/keylayout/Vendor_3697_Product_0002.kl	PUBLISH	system/usr/keylayout/Vendor_3697_Product_0002.kl	5134		key layout tables (Apache-2.0 headed, modified by us)
overlay/v1/keylayout/Vendor_9999_Product_0666.kl	PUBLISH	system/usr/keylayout/Vendor_9999_Product_0666.kl	1917		key layout tables (Apache-2.0 headed, modified by us)
overlay/v1/keylayout/Vendor_9999_Product_0777.kl	PUBLISH	system/usr/keylayout/Vendor_9999_Product_0777.kl	1633		key layout tables (Apache-2.0 headed, modified by us)
tools/assemble_tv.sh	PUBLISH	tools/assemble_tv.sh	1239		own image tooling
tools/backup_apps.sh	EXCLUDE		2229		personal (the installer has a generic backup step)
tools/compose_tv.py	PUBLISH	tools/compose_tv.py	4794		own image tooling
tools/ext4_to_tar.py	PUBLISH	tools/ext4_to_tar.py	8762		own image tooling
tools/flash_gsi.sh	PUBLISH_SCRUB	tools/dev/flash_gsi.sh	2477	PERSONAL	dev flash helpers (serial -> argument)
tools/flash_gsi_system.sh	PUBLISH_SCRUB	tools/dev/flash_gsi_system.sh	2240	PERSONAL	dev flash helpers (serial -> argument)
tools/flash_tv.sh	PUBLISH_SCRUB	tools/dev/flash_tv.sh	1913	PERSONAL	dev flash helpers (serial -> argument)
tools/lumen_v1.sh	PUBLISH_SCRUB	tools/build_system.sh	62608	PERSONAL	image composer (scrub host names)
tools/patch_tar.py	PUBLISH	tools/patch_tar.py	7123		own image tooling
tools/patch_tar.py.v5	EXCLUDE		2869		old copy
tools/restore_stock.sh	EXCLUDE		2653		personal (the installer has a generic backup step)
tools/z9x_patches.sh	PUBLISH	tools/z9x_patches.sh	1741		own image tooling
tools/z9x_v6.sh	EXCLUDE		13049		superseded image scripts (Lumen history starts at 1.0)
tools/z9x_v61.sh	EXCLUDE		19862		superseded image scripts (Lumen history starts at 1.0)
tools/z9x_v62.sh	EXCLUDE		34834		superseded image scripts (Lumen history starts at 1.0)
tools/z9x_v63.sh	EXCLUDE		42561		superseded image scripts (Lumen history starts at 1.0)
tools/z9x_v64.sh	EXCLUDE		44613		superseded image scripts (Lumen history starts at 1.0)
tools/z9x_v65.sh	EXCLUDE		61050		superseded image scripts (Lumen history starts at 1.0)
tools/__pycache__/patch_tar.cpython-314.pyc	EXCLUDE		9848		python cache
tools/lumen/apkinfo.py	PUBLISH	tools/lumen/apkinfo.py	10212		image tooling (boot animation, checks, dexpreopt)
tools/lumen/dexpreopt_lumen.sh	PUBLISH	tools/lumen/dexpreopt_lumen.sh	4661		image tooling (boot animation, checks, dexpreopt)
tools/lumen/gen_bootanim.py	PUBLISH	tools/lumen/gen_bootanim.py	14435		image tooling (boot animation, checks, dexpreopt)
tools/lumen/gen_customizer.py	PUBLISH	tools/lumen/gen_customizer.py	5907		image tooling (boot animation, checks, dexpreopt)
tools/lumen/gen_lineage_rro.py	PUBLISH	tools/lumen/gen_lineage_rro.py	7053		image tooling (boot animation, checks, dexpreopt)
tools/lumen/lumen_checks.py	PUBLISH	tools/lumen/lumen_checks.py	33625		image tooling (boot animation, checks, dexpreopt)
tools/lumen/__pycache__/apkinfo.cpython-314.pyc	EXCLUDE		16585		python cache
tools/lumen/__pycache__/lumen_checks.cpython-314.pyc	EXCLUDE		56151		python cache
tools/ota/CHANGES.md	PUBLISH	tools/ota/CHANGES.md	8021		OTA tools + image OTA plumbing
tools/ota/build_otatools.sh	PUBLISH	tools/ota/build_otatools.sh	2076		OTA tools + image OTA plumbing
tools/ota/check_publish.py	PUBLISH	tools/ota/check_publish.py	14398		OTA tools + image OTA plumbing
tools/ota/check_release_assets.py	PUBLISH	tools/ota/check_release_assets.py	15577		OTA tools + image OTA plumbing
tools/ota/make_manifest.py	PUBLISH	tools/ota/make_manifest.py	9581		OTA tools + image OTA plumbing
tools/ota/make_ota.py	PUBLISH	tools/ota/make_ota.py	13556		OTA tools + image OTA plumbing
tools/ota/sign_payload.py	PUBLISH	tools/ota/sign_payload.py	12898		OTA tools + image OTA plumbing
tools/ota/verify_manifest.py	PUBLISH	tools/ota/verify_manifest.py	4444		OTA tools + image OTA plumbing
tools/ota/image/HANDOFF.md	PUBLISH	tools/ota/image/HANDOFF.md	4790		OTA tools + image OTA plumbing
tools/ota/image/blobs_allow.txt	PUBLISH	tools/ota/image/blobs_allow.txt	1630		OTA tools + image OTA plumbing
tools/ota/image/ota_props.txt	PUBLISH	tools/ota/image/ota_props.txt	1336		OTA tools + image OTA plumbing
tools/ota/image/update_verifier.rc	PUBLISH	tools/ota/image/update_verifier.rc	758		OTA tools + image OTA plumbing
tools/ota/image/z9x-updater-default-permissions.xml	PUBLISH	tools/ota/image/z9x-updater-default-permissions.xml	418		OTA tools + image OTA plumbing
tools/ota/image/z9x_blobs.rc	PUBLISH	tools/ota/image/z9x_blobs.rc	534		OTA tools + image OTA plumbing
tools/ota/image/z9x_blobs.sh	PUBLISH	tools/ota/image/z9x_blobs.sh	3391		OTA tools + image OTA plumbing
tools/ota/image/z9x_ota.rc	PUBLISH	tools/ota/image/z9x_ota.rc	2227		OTA tools + image OTA plumbing
tools/ota/image/z9x_ota.sh	PUBLISH	tools/ota/image/z9x_ota.sh	7287		OTA tools + image OTA plumbing
tools/sign/check_image.py	PUBLISH	tools/sign/check_image.py	13890		signing tools (keys never in the tree)
tools/sign/gen_keys.sh	PUBLISH	tools/sign/gen_keys.sh	3888		signing tools (keys never in the tree)
tools/sign/keymap.json	PUBLISH	tools/sign/keymap.json	2354		signing tools (keys never in the tree)
tools/sign/sign_release.sh	PUBLISH	tools/sign/sign_release.sh	5409		signing tools (keys never in the tree)
tools/sign/sign_tar.py	PUBLISH	tools/sign/sign_tar.py	37172		signing tools (keys never in the tree)
tools/sign/release_certs/FINGERPRINTS.txt	PUBLISH	keys/public/FINGERPRINTS.txt	864		Lumen OS PUBLIC release certificates (no private key)
tools/sign/release_certs/bluetooth.x509.pem	PUBLISH	keys/public/bluetooth.x509.pem	1245		Lumen OS PUBLIC release certificates (no private key)
tools/sign/release_certs/media.x509.pem	PUBLISH	keys/public/media.x509.pem	1237		Lumen OS PUBLIC release certificates (no private key)
tools/sign/release_certs/networkstack.x509.pem	PUBLISH	keys/public/networkstack.x509.pem	1253		Lumen OS PUBLIC release certificates (no private key)
tools/sign/release_certs/nfc.x509.pem	PUBLISH	keys/public/nfc.x509.pem	1229		Lumen OS PUBLIC release certificates (no private key)
tools/sign/release_certs/ota.x509.pem	PUBLISH	keys/public/ota.x509.pem	1923		Lumen OS PUBLIC release certificates (no private key)
tools/sign/release_certs/ota_next.x509.pem	PUBLISH	keys/public/ota_next.x509.pem	1935		Lumen OS PUBLIC release certificates (no private key)
tools/sign/release_certs/platform.x509.pem	PUBLISH	keys/public/platform.x509.pem	1245		Lumen OS PUBLIC release certificates (no private key)
tools/sign/release_certs/releasekey.x509.pem	PUBLISH	keys/public/releasekey.x509.pem	1249		Lumen OS PUBLIC release certificates (no private key)
tools/sign/release_certs/sdk_sandbox.x509.pem	PUBLISH	keys/public/sdk_sandbox.x509.pem	1253		Lumen OS PUBLIC release certificates (no private key)
tools/sign/release_certs/shared.x509.pem	PUBLISH	keys/public/shared.x509.pem	1237		Lumen OS PUBLIC release certificates (no private key)
tools/sign/testcerts/bluetooth.x509.pem	PUBLISH	tools/sign/testcerts/bluetooth.x509.pem	2220		public AOSP test certificates (keymap.json inputs)
tools/sign/testcerts/cts_uicc_2021.x509.pem	PUBLISH	tools/sign/testcerts/cts_uicc_2021.x509.pem	1464		public AOSP test certificates (keymap.json inputs)
tools/sign/testcerts/media.x509.pem	PUBLISH	tools/sign/testcerts/media.x509.pem	1675		public AOSP test certificates (keymap.json inputs)
tools/sign/testcerts/networkstack.x509.pem	PUBLISH	tools/sign/testcerts/networkstack.x509.pem	2094		public AOSP test certificates (keymap.json inputs)
tools/sign/testcerts/nfc.x509.pem	PUBLISH	tools/sign/testcerts/nfc.x509.pem	2110		public AOSP test certificates (keymap.json inputs)
tools/sign/testcerts/platform.x509.pem	PUBLISH	tools/sign/testcerts/platform.x509.pem	1675		public AOSP test certificates (keymap.json inputs)
tools/sign/testcerts/sdk_sandbox.x509.pem	PUBLISH	tools/sign/testcerts/sdk_sandbox.x509.pem	1464		public AOSP test certificates (keymap.json inputs)
tools/sign/testcerts/shared.x509.pem	PUBLISH	tools/sign/testcerts/shared.x509.pem	1675		public AOSP test certificates (keymap.json inputs)
tools/sign/testcerts/testkey.x509.pem	PUBLISH	tools/sign/testcerts/testkey.x509.pem	1675		public AOSP test certificates (keymap.json inputs)
